(0.16666666666666666, 0.0, 0.16666666666666666, 0.3333333333333333)	— Co będzie do nauki potrzeba, ja wszystko kupię; nie potrzebuje pan nic żałować.
(0.16666666666666666, 0.8333333333333334, 0.0, 0.0)	— Gotów nieboszczyk?...
(0.0, 0.16666666666666666, 0.8333333333333334, 0.0)	Puść mnie, wolnym chcę być!
(-0.6666666666666666, 0.0, -0.3333333333333333, 0.0)	— Bóg widzi, że moja hardość została za bramą tutejszą.
(0.0, 0.8333333333333334, 0.0, 0.0)	— A kiedy to trzeba załatwić?
(0.5, 0.0, 0.0, 0.0)	Przebyli już pas ogrodów warzywnych okalających wygłodzoną Umballę i znajdowali się pośrodku milami rozpostartej zieloności urodzajnych zbóż.
(-0.3333333333333333, 0.5, 0.0, 0.16666666666666666)	Weźcie mnie z sobą.
(-0.7777777777777778, 0.0, 0.0, -0.1111111111111111)	Lampka żółtym cieniem spowija izbę suteryny, jej ubogie sprzęty i znużone świętem twarze mieszkańców.
(0.0, 0.0, 0.16666666666666666, -0.5)	Gdybyśmy śmieli, wychowywalibyśmy młode dziewczęta wręcz jak niewolnice; dowodem tego jest, że z rzeczy użytecznych umieją jedynie to, czegośmy ich nie chcieli nauczyć.
(0.0, 0.0, 0.0, 0.0)	Doktorowa na pierwszy rzut oka sprawiała wrażenie babiny gadatliwej, chętnie decydującej i chłodnej.
(0.3333333333333333, 0.0, 0.0, 0.16666666666666666)	— Już tam pan Michał pracuje — rzekł Zagłoba.
(0.0, 0.0, -0.3333333333333333, 0.0)	W pewnej chwili Judym usłyszał przed sobą w ciemnościach rozmowę, a raczej monolog.
(-0.16666666666666666, -0.16666666666666666, 0.0, -0.3333333333333333)	Gdy jeden Jahu znajdzie na polu jakiś z tych kamieni, bywa często, że drugi, nadbiegłszy, wydziera mu go z rąk.
(0.0, 0.0, 0.0, 0.16666666666666666)	Naturalnie.
(0.0, 0.0, -0.6666666666666666, 0.0)	A kiedy wyszła z pierwszego osłupienia, gdy jeden rok i drugi minął głucho, czuła niepokój w głębi piersi, jakby trzepotanie źle związanych skrzydeł.
(0.0, 0.3333333333333333, 0.0, 0.0)	Ostatecznie być może — opowiadał jednoroczny ochotnik — że przy tej awanturze w zamęcie dostał facet w łeb, ale ten fakt nic w sytuacji nie zmienia, ponieważ mamy do czynienia z najwyraźniejszą pomyłką.
(0.0, -0.1111111111111111, 0.6666666666666666, 0.0)	— Och, daj spokój!
(0.0, -0.3333333333333333, 0.0, 0.0)	Podczas wielkiego prania wiosennego musiała hrabina stanąć u cebra pralni, a teściowa doglądała jej roboty.
(0.0, 0.16666666666666666, 0.16666666666666666, 0.0)	Ale jak się tam będzie z doniczką wozić.
(0.0, -0.6666666666666666, 0.0, -0.3333333333333333)	Pietro wyrwał się z objęć kochanki.
(0.0, -0.5, 0.16666666666666666, -0.3333333333333333)	— Jakto!... ja miałbym dziedziczyć po wrogu?...
(0.5, 0.0, 0.0, 0.16666666666666666)	Słowem, Sara nigdy nie przyglądała się takim cudom i dziwom, jak wtedy, gdy stała na stole, na wpół wychylając się przez okno i wsłuchując się w ciche, przedzachodnie ćwierkanie wróbelków.
(0.0, 0.0, 0.0, 0.0)	— panem dziedzicem Nawłoci z przyległościami.
(-0.8333333333333334, 0.0, 0.16666666666666666, 0.0)	—... Odszedłeś od nas — wołały płaczki — nie ma cię, panie... osierociłeś nas biednych...
(-0.3333333333333333, 0.0, 0.5, -0.16666666666666666)	— Czy to nie izraelskie dziecko jest, abyś ty na nie morze złości swej wylewać miał?
(0.0, 0.3333333333333333, 0.0, 0.0)	Staruszek jednak tylko kiwał głową.
(0.6666666666666666, -0.3333333333333333, 0.0, 0.0)	Ho! ho! nietylko takie roboty były!
(1.0, 0.0, 0.0, 0.0)	Anna ocknęła się, wzruszona serdecznością Franciszka.
(0.0, 0.3333333333333333, 0.0, 0.16666666666666666)	Przeeeeedewszyyystkim trzeba piiilnować zbiorów.
(-0.6666666666666666, 0.0, 0.0, -0.3333333333333333)	Żebra jemu połamali, ręce nogi połamali, ludzką twarz krwią obleli i nieżywego porzucili na szerokiém polu, na pustém polu, białemu śniegowi na podściół, czarnym krukom i kawkom na strawę.
(0.0, -0.16666666666666666, 0.0, 0.0)	— Ach, tak.
(0.0, -0.5, 0.0, -0.3333333333333333)	Za duży to dla niej zaszczyt.
(1.0, 0.0, 0.0, 0.0)	Mason aż pozieleniał z radości.
(0.1111111111111111, 0.6666666666666666, 0.0, 0.0)	— Domyślałam się — powiedziała — że na coś się zanosi, chociaż Sämund nic mi nie powiedział.
(0.0, 0.0, 0.3333333333333333, 0.0)	Pomyśl, panna Rottenmeier jechać nie chce, chociaż babunia pyta codziennie: — Cóż z tą podróżą, droga Rottenmeier?
(0.0, -0.16666666666666666, 0.0, 0.0)	Nosił zwykle garnitur szafirowy koloru bławatka, ale co dzień brał świeżą kamizelkę z piki, pod którą wznosił się i opadał wydatny żołądek kształtu gruszkowatego, ozdobiony ciężkim łańcuchem z brelokami.
(-0.1111111111111111, 0.16666666666666666, 0.1111111111111111, 0.5)	Gdybym miał ciebie tego dnia, licytowałbym wyżej i utrzymałbym się przy kupnie.
(0.3333333333333333, -0.3333333333333333, 0.0, 0.0)	Nagle Marek uczuł, że ona bierze twarz jego w dłonie i ciśnie do swojej piersi.
(0.0, -1.0, 0.0, 0.0)	— Nie wiedziałem, że się interesujesz zoologią.
(0.0, 0.0, 0.0, 0.0)	Pojadę do Szczytna.
(0.3333333333333333, -0.5, 0.0, 0.0)	Tego dnia jeden wszystkich prawie zwyciężał i najwięcej nabrał nagród i wianków.
(0.0, 0.3333333333333333, 0.0, 0.0)	Poczem, zwróciwszy się do żony, dodał:
(0.0, 0.3333333333333333, 0.0, 0.0)	Na tych palcach skupione były oczy wszystkich obecnych.
(0.0, -0.3333333333333333, 0.4166666666666667, -0.08333333333333333)	W. mistrz na przyniesioną odpowiedź posłów z żądaniem oddania Żmudzi i ziemi dobrzyńskiej, ani słuchać o pokoju nie chciał.
(0.0, 0.6666666666666666, 0.0, 0.0)	Sędzia dał znak służącemu, który wydobył z wielkiego worka dziesięć franków i dał je kobiecie, gdy sędzia zapisywał pożyczkę w rejestrze.
(0.0, -0.6666666666666666, 0.0, 0.0)	— wykrzyknął nagle mieszczanin.
(0.0, 0.0, 0.0, 0.0)	Bernard obojętnie podniósł ramiona.
(0.0, 0.0, 0.0, 0.8333333333333334)	— Co komu Pan Bóg przeznaczył, to go i tak nie minie — odparł Litwin.
(-0.8333333333333334, -0.16666666666666666, 0.0, 0.0)	Teraz dopiero z setek i tysięcy szczegółów układałem w sobie obraz zmarłej, ów obraz, który mi wszędzie towarzyszy.
(0.0, 0.0, 0.0, 0.3333333333333333)	W téj chwili nie ma innego nad cierpliwość i ostrożność, ażeby sobie drogi do powrotu nie zamknąć.
(0.0, 0.16666666666666666, -0.8333333333333334, 0.0)	I przerażona czuje, że serce jej tłuc się zaczyna jak ptak w klatce.
(0.0, 0.0, 0.3333333333333333, -0.16666666666666666)	— Dziękuję, umiem to ocenić.
(-0.3333333333333333, -0.3333333333333333, 0.0, -0.3333333333333333)	Ta pierwsza krztusi się i wyje, mówi „ aba, aba, bababa, bababa ” i znów dochodzi do wycia.
(0.0, -0.6666666666666666, 0.0, 0.0)	— Skąd tak idziesz?
(0.0, 0.0, 0.0, 0.0)	Lampa na komodzie postawiona, pokój napełnia się wielkim tupotem nóg, trzech mężczyzn i dwie kobiety stół do sieni wynoszą.
(0.0, 0.16666666666666666, 0.5, 0.3333333333333333)	— A nie wypijcie tam całej piwnicy!
(0.5, 0.0, 0.0, 0.3333333333333333)	Może nie wyrzekać się niczego, nie rozstawać się z niczem, nie żałować niczego i — żyć dobrze!
(0.0, -0.3333333333333333, 0.0, 0.0)	Zmarszczyła brew i powiodła wkoło oczyma z dziwnym wyrazem twarzy; po czym odpowiedziała mi niemal łaskawie:
(0.16666666666666666, 0.0, 0.0, 0.8333333333333334)	Bogu polecam moje dzieci!
(0.0, 0.16666666666666666, 0.16666666666666666, 0.0)	— Teraz służ i podaj mi fajkę.
(-0.6666666666666666, 0.0, 0.0, 0.3333333333333333)	Gdybyż to był jej syn rodzony... albo córka rodzona...
(-0.6666666666666666, -0.3333333333333333, 0.0, 0.0)	Tak nie patrzył na nią w Frankfurcie.
(-0.6666666666666666, 0.0, 0.16666666666666666, -0.16666666666666666)	Może życie niczego więcej nie warte!
(-0.6666666666666666, 0.0, 0.0, 0.0)	Po ślubie z nią żył jeszcze tylko kilka lat.
(0.0, 0.5, 0.0, 0.5)	— Nie dbaj o to, moja droga, tak, jak ja nie dbam...
(0.0, -0.6666666666666666, 0.0, 0.0)	— A nie chceszli wyspowiadać się przed drogą?
(0.5, -0.16666666666666666, 0.0, -0.3333333333333333)	I widząc, że ciotka naprawdę nie wie, co znaczy piszczyk, aby mieć przyjemność okazania, że jest w równym stopniu wykształcona jak purystka, i aby zadrwić z ciotki, zadrwiwszy poprzednio z pani de Cambremer, rzekła na wpół ze śmiechem, powściąganym przez resztki udanego złego humoru:
(0.16666666666666666, 0.16666666666666666, 0.0, 0.0)	Teraz dopiero rozpatrzył się dobrze w domu rodzicielskim i w gronie rodzinnym, do którego przybył z pojęciem zmienionym i ambicją wybujałą.
(0.0, 0.0, 0.0, 0.5)	— Oto klucz od bramy, będzie pan mógł swobodnie wchodzić i wychodzić.
(0.0, 0.0, 0.0, -0.8333333333333334)	Lekkie szyderstwo brzmiało w jego głosie.
(0.0, 0.0, 0.8333333333333334, 0.0)	Niechże się ów komtur przekona, że nie twoja zapalczywość, ale nasze prawa karzą śmiercią za porwanie się na osobę posła.
(0.0, 0.3333333333333333, 0.0, 0.0)	— Po pierwsze, aparat działa tylko w promieniu dziesięciu kilometrów; chcę wzmocnić jego siłę.
(-0.5, -0.16666666666666666, 0.0, 0.0)	— A mój miły! nie prośże mnie o to, bo ci nic z mojej przewiązki nie przyjdzie.
(0.0, -0.6666666666666666, 0.1111111111111111, 0.0)	Czy to miał być protest?
(0.0, 1.0, 0.0, 0.0)	Staś przyszedł do pokoju zawiadowcy i czekał, bo Orłowski chodził wzdłuż pokoju, spoglądał w dwa okna peronu, to przez okienko kasowe, wychodzące na korytarz, wychylał głowę i nasłuchiwał.
(0.0, -0.16666666666666666, 0.8333333333333334, 0.0)	— Utaił by się przed innemi, nie przedemną!
(-0.5, 0.0, 0.16666666666666666, 0.0)	Bito nas nie patrząc gdzie.
(0.6666666666666666, 0.3333333333333333, 0.0, 0.0)	— Patrz — zawołał do Tutmozisa — tam ma być moja ziemia, a tu moje wojsko...
(1.0, 0.0, 0.0, 0.0)	— Ach, dobrze, żem se spomniał!
(-0.1111111111111111, 0.0, 0.7777777777777778, -0.1111111111111111)	— Po cóż ja ciebie urodziiiłam!...
(0.0, 0.16666666666666666, 0.0, 0.0)	— zapytała ją pani Barbara.
(0.0, 0.16666666666666666, 0.3333333333333333, 0.0)	— O milordzie!...
(0.0, 0.0, 0.0, 0.3333333333333333)	— Właśnie o nią chciałam prosić, o moją córeczkę...
(0.0, 0.0, 0.22222222222222224, 0.0)	— Ciemno jakoś!
(0.0, -0.6666666666666666, 0.0, 0.0)	Nie?
(0.0, 0.6666666666666666, 0.0, 0.3333333333333333)	— Więc zrobi pani, o co prosiłem?...
(0.0, -0.6666666666666666, 0.0, 0.0)	— spytał Harvey, nie mogąc jeszcze sobie uprzytomnić, że jego życie było najzupełniej bezpieczne.
(-0.3333333333333333, -0.16666666666666666, 0.0, -0.3333333333333333)	A może miała mi za złe moje pożycie z Albertyną ( i tłumiła w sobie te uczucia, póki widziała mnie załamanego, w rozpaczy ), lub sądząc, że z tego powodu czuję się bardziej od niej uprzywilejowany, pozazdrościła mi łask, których nie dostąpiła, albo nawet i nie pragnęła.
(0.0, 0.0, 0.0, -0.3333333333333333)	Żyd któryby zobaczył podróżnego przechodzącego obojętnie koło karczmy, miałby go w podejrzeniu i nie bez przyczyny.
(0.0, -0.6666666666666666, 0.0, 0.0)	— Ale jak ty zrozumiesz tę ich mowę?
(0.0, 0.0, 0.0, 0.0)	Faktycznie.
(0.0, 0.8333333333333334, 0.0, 0.0)	— Cóż będziesz robił po obiedzie?
(0.16666666666666666, 0.0, 0.3333333333333333, -0.5)	— A, widzisz, jakaś niepoczciwa!
(0.0, 0.0, 0.3333333333333333, -0.6666666666666666)	Dał Maciuś dzieciom prawa i patrzcie, co zrobiły.
(0.0, 0.0, -0.7777777777777778, 0.0)	A wtem na krańcach, gdzie niebo zdawało się stykać z ziemią i rozciągały się mgły sinawe, w tych mgłach właśnie zamajaczało coś i poczęło się poruszać, wypełzały jakieś kształty, z początku mętne, które zwierając się stopniowo, stawały się coraz wyraźniejsze.
(0.0, 0.0, 0.0, 0.0)	— wołał Pantera.
(0.8333333333333334, 0.16666666666666666, 0.0, 0.0)	Nareszcie otwarły się drzwiczki do numeru Płazy-Spławskiego, nareszcie światło...
(-0.3333333333333333, 0.0, 0.16666666666666666, 0.0)	Czasu szkoda.
(0.0, 0.0, 0.0, 0.0)	W Dobromilu, na etapie w kancelarii, zapisywano wszystkich jeńców jednego po drugim, co odbywało się nie bez trudu, ponieważ wśród wszystkich trzystu jeńców, spędzonych do Dobromila z różnych stron, nie było ani jednego, który rozumiałby mowę rosyjską sierżanta siedzącego za stołem i pełniącego obowiązki tłumacza we Wschodniej Galicji, bo twierdził o sobie, że język rosyjski zna.
(0.16666666666666666, 0.5, 0.3333333333333333, 0.0)	Zobaczę, jak umoczą we krwi jego pasiastą koszulę i zaniósłszy ją ojcu powiedzą, że ukochany jego syn Józef został pożarty przez dzikie zwierzę.
(-0.2, -0.2, 0.0, 0.0)	Był tam Kazik dwa miesiące, ale chcieli go obrócić na techniczne rysunki, a on nie chce być innym, tylko artystycznym: wyrysował głowę Chrystusa i polskiego huzara na koniu.
(0.2, 0.0, 0.0, 0.2)	Wzgórza tam były łagodne i niewysokie, rzeki wąskie i łatwe do przebycia.
(0.0, -0.7, 0.1, 0.0)	— Zwaryowałeś?
(0.0, 0.6, 0.2, 0.2)	Dołożycie starań, aby wcisnąć się do rozmównicy jakiegoś klasztoru; ploteczki tych pustelnic nie będą dla nas bez pożytku.
(0.2, -0.4, 0.0, 0.0)	A jednak myślała jeszcze o zasiewach.
(0.0, -0.8, 0.0, 0.0)	— Jak to?
(0.0, -0.1, 0.0, 0.2)	Ludmiła jeszcze chciała się upewnić.
(0.06666666666666667, -0.6666666666666666, 0.0, 0.06666666666666667)	Rózia postrzegła tylko mundur i przelękła się, sądząc że w mieszkaniu Juljana robić będą rewizyą, ale w chwili gdy ta myśl po jéj główce przebiegła, poznała w zbliżającym się kniazia z bukietem w ręku i pudełkiem cukierków.
(0.0, 0.0, 0.0, 0.0)	Tak rozmawiając, zbliżyli się do Krakowa.
(0.0, -0.8, 0.0, 0.0)	Czy kto uwierzy, iż są takie domy?
(0.0, 0.1, -0.3, 0.0)	W tłumie dał się słyszeć lekki szum — rzekłbyś, że fala wzburzona zakołysała się i ucichła.
(0.05, -0.2, 0.2, 0.0)	Jest pełna!
(0.0, 0.3, 0.0, 0.5)	Rozkazał pracować i ochraniać od złego ile w mej mocy i oddać temu tylko, kto, oprócz urzędowej legitymacyi, przyniesie mi znak umówiony z przyjacielem.
(0.0, 0.4, 0.0, 0.2)	Podróżny podjechał bliżej, a na orszak skinął, dając znak, żeby na niego zaczekał.
(-0.2, -0.2, 0.0, 0.0)	Wszystko tajemnicze, że się nie można dowiedzieć.
(-0.1, 0.0, -0.2, -0.3)	Z innych zamknięć pędzą żołdacy przeznaczone do walki źwierzęta, które statki przywiozły z Azyi, z Afryki, z lasów Germanii, z kraju Partów i Scytów, z puszcz Hirkańskich i błot nadnilowych.
(0.0, 0.1, 0.1, -0.8)	Słowo Niemca to fałsz...
(0.0, -0.2, 0.2, -0.3)	Niektórzy nie skąpili widać przed odjazdem strzemiennego, bo jechali butnie, z okrutną fantazyą.
(0.2, -0.1, -0.1, -0.1)	Mówią, że długo wzbraniała się dać swój podpis, nieodzowny wedle naszych ustaw do prawomocności aktu sprzedaży; mimo to hrabia uzyskał go.
(-0.1, -0.5, 0.0, 0.06666666666666667)	— A to, synku, zapomniałeś, że ci przybył jeszcze jeden obowiązek?
(0.0, 0.0, 0.0, 0.2)	— Jednak żyli równie bezpiecznie w cieniu swoich prawd, do których doszli.
(0.0, 0.0, -0.2, -0.4)	Ale gdy tak mówiła, drwiące jej oczy lśniły tak żywo, że książę nie mógł ich znieść; spojrzał na sufit, co było u niego ostatecznym znakiem krańcowego zakłopotania.
(0.0, 0.4, -0.2, -0.2)	Wielki, choć z całej siły tłumiony gwałt pożądania był w tych prośbach...
(0.013333333333333332, -0.7, -0.026666666666666665, 0.12666666666666665)	Czyż pan nie wie, że przynajmniej raz na miesiąc Jagoda podaje się do dymisji.
(-0.025, 0.2125, 0.225, -0.0375)	— Wcale nie samotnych.
(0.6, -0.18, -0.02, -0.02)	— Mój ojcze!
(0.2, -0.2, 0.0, 0.0)	Na początek mogę sobie sama ścielić łóżko.
(-0.2, -0.26666666666666666, -0.26666666666666666, 0.0)	„ Zośka zmoknie.
(-0.75, 0.0, -0.15, 0.0)	Wokulski czuł, że ten mrok, żal i smutek wypływał z jego serca i że to wszystko zakończy się chyba z życiem, jeżeli się zakończy...
(0.4, 0.1, 0.1, 0.2)	Komu jest dobrze, temu się widzi, że wszystko się dzieje na świecie, jak przynależy, jak Pan Bóg przykazał!
(0.0, 0.2, 0.0, 0.0)	Postąpił ku drzwiom.
(0.2, 0.0, 0.0, 0.1)	Za dokonane piękne czyny przepraszać nie trzeba.
(0.4, 0.0, 0.0, 0.0)	To jest szczyt finezji; jak się to mówi, „ ostatni krzyk ”.
(0.0, -0.9, 0.0, 0.0)	W pierwszej chwili sądziłem, że to intryga miłosna.
(0.1, 0.0, 0.0, 0.2)	Pan Michał zeskoczył również z kulbaki i chwycił w ramiona osłabłego rycerza.
(-0.1, 0.6, -0.3, 0.0)	— spytałem go, kiedyśmy wyszli na ganek, — nie mając już siły powstrzymać tych słów, co od godziny prawie paliły mi wargi.
(0.0, 0.7, 0.0, 0.0)	— Jutro, lub dziś nawet.
(-0.1, -0.1, -0.6, 0.0)	A jak okaże się, że komitet zbyt pośpiesznie wydał rozkaz egzekucji?
(0.0, 0.0, -0.1, -0.9)	— Potworny jest — rzekła.
(0.0, -0.3, 0.1, -0.3)	Doprawdy, nadto jest pewny siebie.
(0.0, -0.1, -0.3, -0.2)	Krzysztofowi wydało się, że w jego źrenicach błysnął złośliwy uśmiech.
(0.4, 0.0, 0.0, 0.0)	Gdym wiosłował z powrotem ku wybrzeżu, zamiar mój dojrzał.
(-0.5333333333333333, 0.06666666666666667, -0.26666666666666666, 0.0)	Na mnie spada cała ich złość dlatego, że ja was bronię z narażeniem moich dóbr w Neapolitańskiem, siebie...
(0.3, 0.0, 0.0, 0.0)	Postrzegłszy to, pan Michał pociągnął wszystkich ze sobą do bramy, aby się wjeżdżającym przypatrywać.
(0.1, 0.3, 0.0, 0.6)	No, a cmentarz! widzicie, że mi nic nie zaszkodził, to i wam przy mnie nicby się nie stało...
(0.0, 0.1, -0.2, -0.4)	Jeszcze tak nie jest, ale on z dniem każdym jest tłuściejszy.
(0.0, -0.1, 0.6, -0.3)	Chce podobać się Solskiemu, a bałamuci innych!
(0.8, -0.2, 0.0, 0.0)	Jaka ta Laura szczęśliwa ze swoim wiecznym spokojem!
(0.0, 0.0, 0.0, 0.0)	— spytał Watzdorf.
(0.0, 0.5, 0.0, 0.0)	Przez ustalenie jego tożsamości można będzie wykryć, z kim oskarżony miał do czynienia, a także będzie można poznać jego współwinnych.
(-0.6, 0.0, 0.0, 0.0)	Chybaż on się powiesi — ów Bohun — ale już jemu czarownica przepowiadała, że on tej, o której myśli, nigdy nie dostanie i że Lach ją posiędzie, a ten Lach to pewnie jegomość.
(0.8666666666666666, 0.06666666666666667, 0.0, 0.0)	Za każdym razem, kiedy chodziłem się odlać za te lipy na końcu ogrodu, dusza moja czuła się odświeżona widokiem tych przyjaciół.
(0.0, 0.0, 0.0, 0.0)	Rejentka lekko skinęła głową i rzekła do Ajdara:
(0.0, 0.0, 0.0, 0.0)	A wtedy ojciec mój powtórzył:
(0.0, -0.26666666666666666, -0.2, 0.0)	Suknia, kapelusz, okrywka i parasolka, wszystko musi być nowe, a tu tak niewiele czasu i nie tylko nic nie zamówione, ale nawet nie wybrane!...
(0.0, 0.4666666666666666, 0.26666666666666666, 0.0)	— Wiesz, dziecko, że ojciec sam chce mówić z panem...
(0.0, 0.3, 0.0, -0.2)	— Staram się wejść w położenie tego przemysłowca.
(-0.2, 0.0, -0.1, 0.6)	Godzę się z losem.
(0.0, 0.0, 0.0, -0.4)	— odparł Sämund i stanął tak, że zasłonił jej widok na dwoje młodych.
(0.0, 0.9, 0.0, 0.0)	Gdyby ów młody człowiek zjawił się za naszych szczęśliwych dni, gdyby przyniósł Brygidzie jakiś obojętny list, czyż byłbym nań zwrócił jaką bądź uwagę?
(0.7, 0.1, 0.0, 0.0)	W tej chwili pani Flora przystąpiła do nich, śmiejąc się na całe swoje puszyste gardziołko.
(0.0, 0.4666666666666666, -0.06666666666666667, 0.0)	Uklękła i pociągnęła go, aby uczynił to samo.
(0.0, 0.0, 0.0, 0.0)	Zawiadowca, skoro tylko mu tamten zniknął z oczu powrócił do kancelaryi i zajął się załatwianiem urzędowych korespondencyi.
(-0.2, -0.4, -0.4, 0.0)	Aż się biali królowie sami przestraszyli, że za dużo zabiją.
(0.0, 0.4, 0.2, 0.0)	Ależ on tu nie próżnuje, więc jeszcze idzie naprzód.
(0.0, 0.0, 0.0, 0.0)	Potem skierował do Tomka pytanie po łacinie.
(0.8, 0.0, 0.0, 0.0)	Zdumiony tym niezwykłym objawem uczucia, spojrzał na nią namiętnie; przy śniadaniu wydała mu się bardzo ładna; mimo że miał spuszczone oczy, cały czas rozbierał w myśli jej wdzięki.
(0.0, 0.0, 0.0, 0.0)	Podeszła do Morela.
(0.0, 0.0, 0.0, 0.0)	— spytał naczelnik, odrywając się od lektury Żywotu Aleksandra w księdze Plutarcha.
(-0.2, 0.1, 0.0, 0.2)	Oddalenie Władysława, uczynienie go obcym Polsce w chwili, gdy Piastowie zyskiwali tam zwolenników, potajemnym tym dążnościom sprzyjało...
(0.6666666666666666, -0.2, 0.0, 0.0)	— Ot, tu jest na to lekarstwo!
(-0.9, 0.0, 0.0, 0.0)	Petrek głowę spuścił, nie mówił nic.
(0.2, 0.4666666666666666, -0.06666666666666667, 0.0)	— Halo, dziewczynko!
(0.0, 0.0, 0.0, 0.0)	Odsłoniona jest cała.
(-0.2, 0.0, 0.0, 0.0)	Grabiec zwrócił się doń.
(-0.9, 0.0, 0.0, 0.0)	W izbach, przez które przechodzili, cisza panowała i smutny mrok wieczora je zalegał.
(0.0, 0.8, 0.1, 0.0)	— Panu Braunowi kazałam, by zaraz mi wszystko donosił.
(-0.26666666666666666, -0.06666666666666667, -0.5333333333333333, 0.0)	Strasznie chciało mu się jechać, ale zlazł jak niepyszny i ponieważ mrok już zapadał, poszedł za ogrody odmówić wieczorne pacierze, ale mógł się to zebrać w sobie, kiedy jakaś dzieuszyna piesneczka dzwoniła gdzieś niedaleko i baby rajcowały w jakimś sadzie, że każde słowo leciało po rosie, i wrzeszczały dzieci kąpiące się w stawie, kajś znów śmiechy się zatrzęsły, to ryki krów, to księże perliczki darły się przenikliwie i cała wieś huczała przeróżnymi pogłosami niby ten ul rozbrzęczany, że cięgiem mu się myliło, a gdy nareszcie uchwycił wątek i przyklęknąwszy pod żytem wtopił rozmodlone oczy w to niebo rozgwiażdżone i poniósł duszę kajś w zaświaty, buchnęły od wsi takie przeraźliwe krzyki, lamenta i przeklinania, że poleciał ku domowi wystraszony wielce i niespokojny.
(0.0, 0.0, 0.0, 0.0)	— mówili.
(0.0, 0.06666666666666667, 0.33333333333333337, -0.13333333333333336)	— zawoła Don Kichot — tu nie czas na żarty, na wszystko jest właściwa pora; teraz nie pora na żarty.
(0.0, 0.3, 0.0, -0.4)	Jesteś sierotą, więc kup sobie na pociechę choć niewolnicę.
(0.0, -0.06666666666666667, 0.5666666666666667, -0.36666666666666664)	Bodajeś nigdy matką nie była!
(0.0, 0.0, 0.5, -0.1)	Wziął na stronę przyjaciela, i rzekł mu: — Pani Ru ma złe serce!
(0.0, 0.7, 0.2, 0.0)	— Niech pan zaatakuje pierwszy południk.
(0.4, 0.3, 0.0, 0.2)	— W takim razie, przyjacielu Sancho — odpowie księżna — moje służące umyją cię również.
(0.0, 0.26666666666666666, -0.4666666666666666, -0.2)	Nie mógł mnie przecie nikt zobaczyć w tych łachmanach.
(0.4, 0.0, 0.0, 0.0)	Wielki trakt był w tym miejscu zbudowany na nasypie, celem zabezpieczenia przed zimowymi wylewami ze wzgórz, tak iż szło się niejako wspaniałym korytarzem ponad okolicą, widząc całą krainę indyjską rozpostartą z obu stron.
(0.7, -0.1, 0.0, 0.0)	Mówiła to śpiewnie, z dziwnym upojeniem w głosie, który zdawał się wzbierać i drżeć, jakby chciał więcej powiedzieć, niż te proste słowa wyrażały.
(0.0, -0.4, 0.0, 0.0)	Fröhlichowi twarz się znowu wyjaśniła jakby z nałogu...
(0.5, 0.0, 0.0, 0.2)	Cicho, sekretnie pochwalała tę rozpustę nocną, która nareszcie jej duszę uzdrowiła, wyzwoliła, oblała zimną rosą spokoju.
(0.3, 0.3, 0.3, -0.1)	— A nie obłaskawię, bo i ten będzie jeszcze mój, niech się jeno ciepło zrobi, to już umyśliłem taki sposób na niego, że nie wytrzyma na plebanii, a przyleci!
(-0.2, 0.0, -0.4, 0.0)	Zasypywano pociskami zamek, zasypywano miasto, wszystkie bramy, wszystkie baszty.
(0.0, 0.4666666666666666, 0.0, 0.06666666666666667)	— dodał, ja z Neorżą moim powoli sobie radę dam.. jam nie wieczny, ani on...
(0.0, -0.1, 0.2, 0.0)	— krzyknął Buckingham i posunął się ku drzwiom.
(0.0, 0.06666666666666667, 0.0, 0.26666666666666666)	Wystarczy, że wiem.
(-0.2, 0.2, -0.5, 0.0)	— Ja dawniej wiszę — szepnął cicho Andrzej, z jakimś ledwie odczutym akcentem bólu, i twarz mu pobladła, ale oczy natychmiast rozbłysły dawną energją wytrwania i uporu.
(0.0, 0.0, 0.0, 0.2)	Patrzył na nią spokojnym, wyjaśnionym wzrokiem.
(-0.6666666666666666, 0.0, 0.13333333333333336, -0.06666666666666667)	Ból jego serdeczny coraz bardziej ginął pod uczuciem wstydu, upokorzenia, zranionej miłości własnej.
(0.0, -0.2, -0.2, 0.0)	Mazur przetłumaczył w lot Zbyszkowe słowa, więc de Lorche spojrzał pytającym wzrokiem w twarz młodzianka.
(-0.6, 0.1, 0.0, 0.0)	Nie sposób było pisać ni jeść porządnie, słowem sto razy w ciągu dnia brakowało mi tych przedmiotów.
(0.3, -0.3, 0.0, 0.0)	Pewnej nocy, patrolując po mieście, schwytałem młodą panienkę nadzwyczaj piękną, przebraną za chłopca i jej brata, przebranego za dziewczynę.
(0.0, 0.75, 0.0, 0.08333333333333333)	— Chciałbym, aby byli przy tym Albert de Morcerf i Raul de Château-Renaud; wiesz pan, że prosiłem ich już na świadków.
(-0.08333333333333333, -0.08333333333333333, 0.0, 0.0)	— Aha... młódka... na luteńce grywająca... wychodziły i młódki...
(-0.08333333333333333, 0.0, -0.25, 0.0)	Lecz chwilę odpoczął i ciągnął dalej, wśród gniewnego milczenia kapłanów:
(0.0, -0.5, 0.0, 0.0)	Gdy Otocki podjechał na Smolną do „ Sygnałów ”, okazało się, że partyjne zebranie jeszcze się nie skończyło.
(0.0, -0.16666666666666666, 0.5, 0.0)	— Wykup!
(0.0, 0.0, 0.0, 0.16666666666666666)	— rzekła matka.
(0.0, -0.8333333333333334, 0.0, 0.16666666666666666)	Gedymin zwrócił wę nagle ku niemu.
(0.16666666666666666, -0.16666666666666666, 0.0, 0.16666666666666666)	— artylerzysta zarzucił rektorowi na szyję swe ciężkie ramię.
(0.5, 0.0, 0.0, 0.16666666666666666)	Młody książę przybywał bardzo wcześnie na miłe wieczory matki, która powtarzała mu ciągle:
(0.6666666666666666, -0.3333333333333333, 0.0, 0.0)	Mimika, gesty, w połączeniu z częstymi zmianami głosu, jakimi Bixiou malował swoje figury, musiały być doskonałe, bo trzej słuchacze wydawali bezwiednie krzyki uznania oraz pomruki radości.
(-0.25, 0.0, 0.25, 0.3333333333333333)	My to przeżywamy za niego ze świadomością.
(0.0, 0.13888888888888887, 0.8055555555555555, -0.05555555555555555)	Nie gadajcie tyle, mówie, za dużo tej gadaniny: dobra kosa dla łąki, dobra bedzie i dla żyta.
(0.3333333333333333, 0.0, 0.16666666666666666, 0.0)	Jakaś kobieta chciała kupić guziki do bielizny, ale nie mogła znaleźć odpowiednich, więc wmówiliśmy jej, że zatrzaski zastępują guziki.
(0.0, -0.25, 0.0, 0.0)	Zamiast tego Moulzin był rywalem Ennemonda Hélie.
(0.08333333333333333, 0.5, 0.0, 0.25)	— Zostań pani!... sprawi mi to prawdziwą ulgę pomówić z osobą, obcą jeszcze temu światu kłamstwa i pustoty!
(-0.16666666666666666, -0.5, 0.25, -0.08333333333333333)	— Ale gdybyśmy ich nie wyrzucili — odparł Harbert — to balon wyrzuciłby nas do morza.
(0.0, 0.16666666666666666, 0.0, 0.0)	I zamyślił się ponownie.
(0.0, -0.3333333333333333, 0.0, 0.16666666666666666)	W prokuratorze budził się człowiek.
(0.0, 0.2222222222222222, 0.5555555555555556, 0.11111111111111112)	Ale chyba nie byłbym Rynaldem Montalban, żebym mu tego wszystkiego, mimo jego czarów, drogo nie zapłacił, jak tylko z łoża się zdźwignę.
(0.05555555555555555, 0.3055555555555555, 0.0, 0.47222222222222227)	Widzisz, że wszystko tak urządziłam, żeby twój portret nie był skończony i żebyś mógł przyjechać do Przytułowa.
(0.4166666666666667, 0.0, 0.16666666666666666, 0.4166666666666667)	Tak w niej znać było, że ona oddaje mu się z biciem serca, ale zarazem z ufnością, że oddaje mu serce, duszę i całą istotę, całe życie, i to nietylko na dobre, ale na każde chwile życia — i aż do końca życia, że pod tym względem żaden cień nie powstał w umyśle Połanieckiego, a ta pewność uczyniła go w tej chwili lepszym, tkliwszym i wymowniejszym, niż bywał zwykle.
(0.16666666666666666, 0.0, 0.0, 0.0)	Jaguś poszła na swoją stronę, zaś Rocho siedział przed domem razem z Bylicą, któren już żydy woził, tak go śpik morzył.
(0.25, 0.08333333333333333, 0.16666666666666666, -0.16666666666666666)	A ja trzydzieści razy, a tato siedymdziesiont, a może i osimdziesiont razy obeszli wiosne, lato, jesień, zime, i to nogami i rękami w błocie, w piachu, w rzece, w śniegu, w słomie, w gnoju!
(0.0, 0.0, 0.9166666666666666, -0.08333333333333333)	— Do stu diabłów, są inne środki okazywania miłości, niż Homer.
(-0.3333333333333333, 0.16666666666666666, 0.0, -0.3333333333333333)	— Trzeba było zostawić.
(0.0, -0.8333333333333334, 0.16666666666666666, 0.0)	— Oho!
(0.0, 0.6666666666666666, 0.0, 0.0)	Jednego dnia siostrzenice pani de Montcertin pytały ją, co to jest miłość.
(-1.0, 0.0, 0.0, 0.0)	Ogólnie wiedziano, że w młodości przeżyła dramat, bo jej narzeczony zginął na froncie w 1920 roku i od tego czasu ani na dzień jeden nie zdjęła po nim żałoby.
(0.0, 0.5, 0.25, -0.08333333333333333)	Ja chciałem ze Staśkiem mieć kazania, żeby was nie było.
(-0.25, 0.4166666666666667, 0.0, 0.16666666666666666)	Spodziewałam się, że go dostaniemy.
(-0.16666666666666666, 0.25, -0.4166666666666667, 0.0)	Zuła, który wyszedł go witać, słowa zeń dobyć nie mogąc, domyślał się trafnie, że sokoły ks. Janika musiały się źle popisać.
(0.0, -0.2222222222222222, -0.2777777777777778, -0.05555555555555555)	Pożyczać u ludzi?
(0.0, -1.0, 0.0, 0.0)	— spytał niespodzianie.
(-0.16666666666666666, -0.16666666666666666, -0.16666666666666666, 0.0)	Psków nie tylko że nie potrafił pociągnąć z sobą w wojnę i zerwanie z Litwą przymierza Nowogrodu Wielkiego: ale poddaniem się w. ks. Bazylemu do podobnego nie zachęcił kroku.
(-0.3333333333333333, -0.16666666666666666, 0.16666666666666666, 0.0)	Drugi raz gdy w rozmowie z Caligulą wspomnieli coś o Sylli, a Cajus sobie z niego żartował...
(0.0, -0.08333333333333333, 0.08333333333333333, -0.5)	— Nieruchome spojrzenie Ricarda zbiło go z tropu i dodał zmieszanym tonem: — Mówię, że to pospolity, marny złodziej bez żadnego znaczenia.
(0.0, 0.0, 0.0, -0.3333333333333333)	To lokal urzędowy...
(0.0, 0.25, -0.5833333333333334, 0.0)	Ale jeżeli mimo wszystko nie zdołam zajść do Niego?
(1.0, 0.0, 0.0, 0.0)	Szwentas ściskał go i całował.
(0.0, 0.0, 0.16666666666666666, 0.0)	— Nie.
(0.0, -0.16666666666666666, 0.5833333333333334, -0.08333333333333333)	Co znowu?
(-0.08333333333333333, 0.08333333333333333, -0.6666666666666666, 0.0)	— A jeśli pomyłką jest to wszystko?
(-0.16666666666666666, 0.16666666666666666, 0.6666666666666666, 0.0)	— Na to się mu podcina skrzydła!
(0.0, 0.16666666666666666, -0.08333333333333333, 0.25)	Popaśli trochę konie, przez ten czas zaś Bohun z esaułami rozmawiał, widocznie dawał im rozkazy, co mają czynić, bo dotychczas nie wiedzieli nawet, gdzie jadą.
(0.0, -0.16666666666666666, 0.4166666666666667, -0.08333333333333333)	Ale nie mogąc się ognać zbereźnikom, które jako te wróble obsiadały sztachety, a śmielsze nawet już pod okna się przebierały, to jeno przygrażał księżym cybuchem a wyklinał.
(-0.16666666666666666, -0.16666666666666666, 0.0, 0.0)	Ale zapadłe oczy kelnera, którym lekka krótkowzroczność dawała wyraz skrytej głębi, nie zdradziły żadnego wrażenia w jego nieruchomej twarzy.
(0.25, 0.08333333333333333, 0.0, 0.0)	Cyrus Smith miał do dyspozycji tylko dwa kawałki zaostrzonej stali zrobione z obroży Topa, mimo to jednak posługiwał się nimi tak zręcznie, a jego towarzysze tak pojętnie mu pomagali, że trzy dni później warsztat małej kolonii powiększył się o miech kowalski, przeznaczony do wdmuchiwania powietrza w środek poddawanej działaniu gorąca rudy, co jest niezbędnym warunkiem powodzenia tej operacji.
(-0.16666666666666666, 0.25, 0.08333333333333333, 0.0)	Niebo, które zatrzymało nas tutaj i zesłało niepogodę umyślnie po to, abyś pan usłyszał historię moich amorów, czegóż znów teraz sobie życzy? ”.
(-0.4166666666666667, 0.25, -0.16666666666666666, 0.16666666666666666)	— Przychodzi do siebie — powiedziałem — ale bardzo osłabiony.
(0.3333333333333333, 0.0, 0.0, 0.0)	Spotkali się oczami.
(0.8333333333333334, 0.0, 0.0, 0.0)	Nie przeszkodziło to jednak przyjaciołom utrzymywać dalsze serdeczne stosunki.
(0.0, -0.3333333333333333, 0.0, 0.3333333333333333)	Ja, znając pułkownika, byłam również pewna, że nie zainteresuje go bliżej ta kwestia.
(0.4166666666666667, -0.4166666666666667, 0.16666666666666666, 0.0)	— Nawrócony!... nawrócony faraon!...
(-0.4166666666666667, 0.0, -0.5833333333333334, 0.0)	Emil czuł, że się dusi.
(0.0, -0.4166666666666667, 0.3333333333333333, -0.25)	Nie wiedzieć dlaczego, to, co innym wydawało się pochlebne i zaszczytne, ją drażniło i obrażało.
(0.4166666666666667, -0.25, 0.16666666666666666, 0.0)	A jakie z niej porządne i uczciwe dziewczynisko!
(0.0, -0.9166666666666666, -0.08333333333333333, 0.0)	Z trudem mu go wydarliśmy, a gdy ujrzał go w naszych rękach, był zdumiony.
(-0.638888888888889, -0.19444444444444445, -0.05555555555555555, 0.0)	Ona chciałaby pozostać przy swojej mamie, ale jakże to uczynić, jeżeli mama tego nie chce?...
(-0.16666666666666666, 0.0, 0.16666666666666666, -0.16666666666666666)	I po ukłonach, zamienionych z Połanieckim, rzekła zimnym, spokojnym głosem:
(0.0, -0.16666666666666666, 0.3333333333333333, -0.16666666666666666)	Wy tam przecież na świecie do wcale innych kobiet przywykliście i dla wcale innych głowy tracicie!
(0.0, -0.5, 0.16666666666666666, 0.0)	— Szewcy!
(0.0, 0.6666666666666666, 0.0, 0.0)	— Czekać wystrzału.
(-0.2222222222222222, -0.05555555555555555, -0.2222222222222222, -0.3333333333333333)	Pełno krwi na was...
(-0.3333333333333333, 0.0, 0.16666666666666666, 0.0)	Każdy grzech, mój synu, jest u swych korzeni grzechem przeciw prawdzie.
(0.0, 0.08333333333333333, 0.8333333333333334, 0.08333333333333333)	Miłosierny Bóg niechaj uczyni to, aby wrogowie nasi utonęli we własnej krwi z ran, które wy im zadacie! ”
(0.0, 0.3333333333333333, 0.5, -0.16666666666666666)	Nie zawojujecie tych ziem!
(0.0, -0.6666666666666666, 0.0, 0.0)	— Kto taki?
(0.0, 0.3333333333333333, 0.08333333333333333, 0.08333333333333333)	— A tyś co robił, jak go nie było?
(0.0, 0.0, 0.0, 0.0)	Mówił mi o tym krewny Aulusów Antystiusz.
(0.0, -0.08333333333333333, 0.5, 0.25)	Beetle, bierz go!
(0.0, 0.0, 0.0, 0.16666666666666666)	Dziewczynce poradzono także udać się do konsula.
(0.0, 0.16666666666666666, 0.0, 0.0)	A ubodzy?...
(-0.25, 0.16666666666666666, -0.08333333333333333, 0.0)	— Posłusznie melduję, panie oberlejtnant, że to ciężka sprawa.
(0.0, 0.16666666666666666, 0.0, 0.3333333333333333)	— rzekł wreszcie do wielebnego Johna.
(0.3333333333333333, -0.16666666666666666, 0.0, 0.0)	A zaraz po sposobie prowadzenia chorągwi można było poznać, iż wojewoda, choć ciężki i kunktator, bo wiekiem przygnieciony, przecie żołnierz jest doświadczony i mężny.
(0.0, -0.6666666666666666, 0.08333333333333333, -0.25)	— Czy nigdy się nie modliłaś w życiu?
(0.08333333333333333, -0.25, 0.0, 0.16666666666666666)	Powiadają o nim, że raz, stojąc na brzegu mostu i oburącz mieczem siekąc, wstrzymał pochód całej armii.
(0.16666666666666666, -0.3333333333333333, 0.0, 0.0)	Zresztą chłopiec nie uciekał.
(0.0, -0.16666666666666666, 0.0, 0.0)	Mam mocne podejrzenie, że wyszły one spod pędzla Lorenza, który nie bez ubocznej myśli zaskarbiał sobie łaski Angeliki.
(0.0, -0.6666666666666666, 0.0, 0.0)	— Procą?
(0.0, 0.0, 0.0, 0.0)	— przeciągając z litewska, odpowiedział przybyły.
(0.0, 0.0, 0.0, 0.0)	Wychodzili, nie śpiesząc się, obciągając marynarki i poprawiając czapki na głowie.
(0.3333333333333333, 0.0, 0.16666666666666666, 0.0)	Pies zatrzymał się nad jego brzegami i szczekał zapalczywie.
(-0.16666666666666666, 0.0, -0.16666666666666666, 0.0)	Teraz na głowie włosy mu w tym miejscu nie rosną.
(0.0, -1.0, 0.0, 0.0)	— Ależ nie miałeś strzelby z sobą?
(0.0, -0.16666666666666666, 0.0, -0.8333333333333334)	— Nie przystoi to mojej czci szlacheckiej.
(0.3333333333333333, 0.0, 0.0, 0.16666666666666666)	Pochwal się, że jesteś.
(0.0, 0.0, 0.5833333333333334, -0.4166666666666667)	Nienawidzę tego okrutnego rygoru i żelaznej logiki tych ludzi, którzy pojedyncze osoby czynią odpowiedzialnymi za losy narodów! ”
(-0.16666666666666666, 0.0, 0.0, -0.16666666666666666)	Nie śmiał król nic powiedziéć, ale się zmarszczył.
(0.5, 0.0, 0.0, 0.0)	— dokończył powstrzymując śmiech knecht.
(0.8333333333333334, 0.0, 0.0, 0.0)	A oni krzyczą: „ Niech żyje ulica, niech żyje Pupek! ”.
(0.0, 0.0, -0.16666666666666666, 0.3333333333333333)	Pani Borowiczowa rozważała to wszystko, przebiegała w myśli wszelkie szanse i zdecydowała się nieodwołalnie: choćby przyszło łachmany wiązać, chłopca uczyć trzeba.
(0.0, -0.16666666666666666, 0.0, -0.16666666666666666)	Grasz pa­nią Makbet.
(0.0, 0.3333333333333333, 0.0, 0.0)	— zawołał, odchrząknąwszy po kilkakroć.
(0.0, 0.0, 0.0, 0.0)	Z kilku słów domyśleć się było można człowieka, który z hussytami trzymał.
(0.0, 0.0, 0.16666666666666666, 0.16666666666666666)	Stronnicy jej zwołali wiele poufnych zgromadzeń i publicznych wieców i wydali mnóstwo odezw i proklamacji.
(0.0, -0.16666666666666666, 0.0, 0.16666666666666666)	Wiżunas ręką wskazał stronę.
(0.0, -0.16666666666666666, 0.0, 0.16666666666666666)	Ukłoniły się sobie i Madzia znikła w przedpokoju.
(-0.2, -0.26666666666666666, 0.0, 0.0)	„ Do licha, czyżbym ją obraził?...
(0.0, -0.26666666666666666, -0.26666666666666666, -0.06666666666666667)	— Cóż ja robię?...
(0.0, 0.0, 0.2, -0.6)	Szczególną antypatią, nienawiścią, odrazą, wzgardą i drwinami Lulek darzył miejscową organizację socjalistyczną z odcieniem narodowym.
(0.0, 0.0, 0.6, 0.0)	Szyper stracił już na koniec cierpliwość i powiedział parę przykrych słów.
(0.2, 0.0, 0.0, 0.0)	Kiedy mijali pierwszą furtę, już płynął przez powietrze chór głosów niewieścich.
(0.4, -0.2, 0.0, 0.0)	Nie zapomnę nigdy wrażenia pierwszej pod gołym niebem spędzonej nocy.
(0.0, -0.6, 0.0, 0.0)	— Na Boga!
(0.0, 0.0, 0.0, 0.0)	Twarz jego ledwie było widać pod bryzgami.
(-0.2, 0.0, 0.0, -0.4)	— Dziwni ludzie są na świecie — sarkastycznie westchnął Józef.
(0.1, -0.1, 0.0, 0.0)	— Proszę, oto list i fotografja!
(0.0, 0.0, -0.4, 0.2)	— Między naszymi wspólnikami popłoch, bo Krzeszowski strzela doskonałe...
(0.0, 0.5, 0.0, 0.1)	Dzień wiosenny miał się ku schyłkowi i ukośne słońca zapadającego promienie wpadały tu, ozłacając świeżą zielonością okryte drzewa; wędrowcy jedni się zabierali do drogi, drudzy gotowali do spoczynku, inni dopiero do obozowiska zdążali, gdy lekki szmer jakiś dał się słyszeć w dali i od ogniska zaczęli wstawać ludzie, a kupić się w miejsce jedno.
(0.9, 0.0, 0.0, 0.1)	Uśmiechnął się i dodał:
(0.0, 0.3, 0.0, -0.2)	Co on ci mówił?
(0.0, 0.0, 0.0, 0.0)	— Nie widzę.
(-0.6, -0.2, -0.1, -0.1)	Było to posępne i tragiczne, i prawdziwe!
(0.0, 0.0, 0.0, 0.0)	Na zasłonie była wyhaftowana złotem skrzydlata kula z dwoma wężami.
(0.0, 0.0, -0.06666666666666667, 0.2)	— krzyknęli znów rycerze i poczęli twardymi dłońmi uderzać po szablach, aż chrzęst groźny uczynił się w komnacie.
(0.3, 0.2, 0.0, 0.3)	— Pij, pociecho religijna — rzekł jeszcze generał Fink podając feldkuratowi zielony kielich z krzepiącym napojem.
(0.0, -0.4, -0.4, 0.0)	Słysząc to pan Salomon tak zbladł, iż jejmość się przelękła; uczuła, że może za śmiało postąpiła, nie cofnęła się jednak, dała po cichu wysapać się Dobkowi i dodała stanowczo:
(0.0, 0.0, 0.0, 0.0)	Takich jest miliony.
(0.0, 0.0, 0.0, 0.2)	Na ścianach błyszczały miedziane brytfanny.
(0.0, 0.2, 0.0, -0.2)	Przypominam coś sobie, że ten Foriot...
(0.0, -0.4, -0.1, -0.1)	— Powinno się okazać polepszenie; co by to była za chorość?
(0.0, -0.26666666666666666, 0.26666666666666666, -0.26666666666666666)	Jakiś cudak, który zaczepiał mu żonę i cieszył się zuchwalstwem Jędrka, ten sam jego, uczciwego chłopa, przezwał „ obywatelem ”, a kobietę „ panią ”...
(-0.1, -0.3, 0.0, 0.0)	Każde ziarnko wygląda tak, jakby oddzielnie gotowane...
(0.0, 0.0, 0.0, 0.0)	Bardzo charakterystyczne, na wskroś typowe.
(0.0, 0.0, 0.0, 0.0)	Ręce znać umyślnie, jak to zwykły były już onego czasu księżne i panie czynić, hodowała wybielone, miękkie i okryte pierścieniami okazywała na jaw, aby widzieli wszyscy, że niemi pracować nie potrzebowała jak inne niewiasty.
(-1.0, 0.0, 0.0, 0.0)	Szkoda, że mojej żony niema...
(0.0, 0.1, 0.4, 0.1)	— Tylko buntownicy nie spełnią rozkazów faraona — odparł Ramzes.
(0.5, 0.0, 0.0, 0.3)	— Dzięki Bogu.
(0.0, 0.2, 0.0, 0.0)	Wiele jeszcze takich miało przejść ponad Jasną Górą.
(-0.1, 0.1, 0.2, 0.0)	Ja nad Włoszkami żadnej mocy nie mam, a z królową też niewiele poufałości.
(-0.2, 0.2, 0.0, -0.4)	Zdaje się, że nasz przyjaciel Machat jest troszkę, tego ten... chory.
(0.0, -0.2, 0.0, 0.0)	— Właśnie wyglądam: tylko co starszej pani nie widać.
(0.3, 0.0, 0.3, 0.2)	Jeżeli nie pozwolisz, to również niech ci służą szczęśliwe łowy!
(0.0, 0.0, 0.9, 0.1)	— I obu was się nie zlęknę! zaryczał Arnulf zrywając się z ławy.
(-0.1, 0.2, 0.0, -0.1)	Bądź co bądź winien był tej dziewczynie wiele i nie dokuczałoby mu to wcale, gdyby nie fakt, że i ona uświadamiać sobie musiała ów dług zawieszony w powietrzu.
(-0.8, 0.0, 0.0, 0.2)	Nieszczęśliwi mają pewne prawa... a ja, panie szanowny, jestem bardzo nieszczęśliwa.
(0.4, -0.26666666666666666, 0.0, 0.0)	I ją poniesły radoście, że pobiegła naprzeciw i prawie pierwsza chłopów dopadła, a nikto do niej nie wyskoczył, nikto nie przytulił i nie całował.
(0.0, 0.0, 0.0, 0.0)	Na rozkaz jego ulżono statkowi, który wskutek zmiany ciężkości gatunkowej uniósł się z lodowego łożyska.
(0.1, 0.2, 0.0, 0.1)	Nie po to idzie się w góry, żeby się wysypiać.
(0.0, -0.5, 0.1, 0.0)	Wszedł jako czwarty dependent do Derville’a, a był już drugim dependentem w 1819!
(0.6, 0.0, 0.0, 0.0)	Na trzecim piętrze zapukał do drzwi, przez które dolatywał wesoły śmiech i krzyki dzieci.
(0.0, 0.2, 0.0, -0.4)	Mędrzec dążący do władzy winien snobizm ( w języku polskim kołtunizm, czyli kołtuństwo ) uczynić najistotniejszą częścią swego „ programu ”, dać kołtuństwu możność rozkwitu, nazwać kołtun najpiękniejszymi naukowymi nazwami i popierać go entuzjastycznie.
(1.0, 0.0, 0.0, 0.0)	— zawołał ten ostatni, pozwalając ocałowywać sobie policzki — twoja wieczerza, mój bracie, jest pyszną rzeczą na dzisiejszą zawieruchę!
(0.0, 0.0, 0.0, -0.4)	Jawohl, nochamol.
(0.0, 0.4, -0.2, 0.0)	— Być może, i nie jest dowiedzione, czy to nie byłaby nieostrożność.
(-0.1, 0.0, 0.0, -0.1)	Dobroć charakteru nie pozwalała jej uchylać się od obowiązków, ani dochodzić przyczyny swych cierpień.
(-0.06666666666666667, -0.2666666666666666, 0.26666666666666666, 0.0)	— Więc to wszystko prawda — wyrzekła.
(-0.2333333333333333, -0.2333333333333333, 0.3333333333333333, -0.2)	— Czy mi nawet tego robić nie wolno!
(-0.6666666666666667, -0.06666666666666667, 0.0, -0.06666666666666667)	Porozstawiane naczynia od herbaty i ciastka, dalej owa maszynka — wszystko zaczęło drobiazgami okrutnymi ranić jej serce.
(0.0, -1.0, 0.0, 0.0)	A cóż się z nią stało?
(0.36666666666666664, -0.26666666666666666, 0.0, 0.16666666666666666)	Obecnie wszystkie czary znikły i został tylko człowiek, który bez racji schwycił ją wpół i całował w usta jak wariat.
(-0.3, 0.0, -0.1, 0.0)	Dorożka skacze z dziury w dziurę, chwieje się co moment niby osoba chora na tabes, która wszakże ukrywa swój defekt, żeby nie stracić posady — ślizga się na zakrętach, jakby w złych momentach rozpaczy pragnęła raz wreszcie rzucić się samobójczo do rowu.
(0.0, 0.0, 0.0, 0.0)	Po obiedzie Józef z Lusią poszli do kina.
(0.0, 0.2, 0.0, 0.0)	— Dotyczące czego?
(0.0, 0.0, -0.4, 0.2)	Chłopców i Kaspra zostawiłem w stajni, a sam co tchu do ciebie...
(0.0, 0.2, 0.0, 0.0)	Rad nierad, ruszył ku hotelowi, wiodąc sam owych człowieczków, odprowadzany tłumem dzieci, uliczników i podmiejskiej gawiedzi.
(0.0, -0.2, 0.6, 0.0)	— Po przedstawieniu!
(0.2, 0.0, -0.2, 0.0)	— Nasi, jaśnie pani.
(0.0, 0.0, 0.0, 0.0)	Wydobyła z kieszeni bilet i pokazała urzędnikowi.
(0.0, -0.2, 0.0, 0.0)	Ja nie widziałam łez.
(0.0, -0.4, 0.0, 0.0)	Zdaje mi się, że oczy jéj w mgnieniu oka kilka razy zmieniły kolor: były i piwne, i ciemno-zielone, i czarne jak węgiel.
(-0.4, 0.2, 0.0, 0.0)	Nie, przez delikatność, którą ona w nim rozwinęła, zastrzelił się o kilka grobów dalej.
(0.0, 0.0, 0.0, 0.0)	Przeczytałam uważnie Twoje argumenty.
(0.0, 0.0, 0.0, 0.2)	Opamiętali się uciekający.
(-0.7, -0.1, 0.0, 0.0)	Jakkolwiek stłumione, płacz i jęki musiały znać dojść do uszu matki, która od drugiego pokoju drzwi uchyliła, naprzód powoli, a potem rzuciwszy niemi, nie patrząc na króla, do córki przypadła, tuląc ją ku sobie.
(0.0, 0.4, 0.0, 0.0)	Za tronem dwa białe konie ze źrebięciem szykowały się do drogi.
(-0.1, -0.26666666666666666, 0.16666666666666666, -0.06666666666666667)	Jeszcze ci nie dosyć?
(-0.3, 0.2, 0.1, 0.0)	Czy jednak pola okażą się mniej dla mnie bezlitosne?
(0.0, 0.0, -0.2, 0.0)	Tu czujnego oka biskupa Zbyszka starano się widocznie uniknąć, a Grzegorz łatwo rozumiał przyczynę.
(0.0, -0.8, 0.0, 0.0)	— Borynowy to dom, Macieja Boryny?
(0.2, -0.1, 0.0, 0.1)	— Bóg sprawił, że niektórzy wrócili nie złamani.
(-0.4, 0.0, 0.0, 0.0)	— spytał Jakub z cicha, odchodząc.
(0.0, 0.4, -0.2, 0.0)	Student namyślał się chwilę.
(0.0, 0.0, 0.4666666666666666, 0.2)	— Ale nie wcześniej, zanim stanie się zadość sprawiedliwości — krzyknął jakiś głos.
(-0.4, 0.0, 0.0, 0.0)	Przed rozstaniem Karol uzyskał pozwolenie złożenia margrabinie pożegnalnej wizyty.
(-0.2, 0.0, 0.0, 0.0)	Nogi miał też suknem i skórą poobkręcane, a stopy obwite nią i opasane sznurami.
(-0.06666666666666667, -0.33333333333333337, -0.26666666666666666, 0.2)	Otóż powiedz mi całkiem szczerze, czy nie sprawia wam to kłopotu... twojej siostrze nie dowierzam pod tym względem.
(0.0, -0.4, 0.0, -0.2)	— Nie, w kościele — odparł Conseil.
(0.1, 0.0, 0.0, 0.7)	Niech was Bóg prowadzi i odprowadza.
(0.0, 0.0, 1.0, 0.0)	— Wytłumacz to wyborcom!
(-0.2, -0.2, 0.0, -0.2)	Nazajutrz w południe wpadł do sklepu Szuman; z jego uśmieszków i ze sposobu przygryzania warg poznałem, że mu coś dolega i nastraja go na ton ironiczny.
(0.0, 0.1, 0.0, 0.9)	— Bądź pani spokojna — rzecze Don Kichot — nie powiem nic już więcej i nie wmieszam się do niczego, dopóki nie dopełnię swojej obietnicy.
(0.1, -0.2, 0.2, 0.5)	O, bo to mądre stworzenia! one zaraz przeczują złego człowieka.
(-0.4, 0.0, -0.4, 0.0)	On pytał się, uśmiechał, rozumował, z pozoru sądząc, trzeźwo i chłodno, ale tylko na przelotne i bolesne chwile odrywał wzrok od tamtej.
(0.8, 0.0, 0.0, 0.2)	— Niech żyje Carlini!
(-0.4, 0.0, 0.0, 0.0)	Mimo starań, jakie rozwinęłam od czasu, jak znam projekt księżnej, zdołałam zgromadzić zaledwie jakich pięćdziesiąt stóp.
(0.0, -0.8, 0.0, 0.0)	— Co znaczy za kim?
(0.0, 0.0, 0.1, -0.7)	Hoyma oburzała i treść jéj słów, a nadewszystko zimna krew, obojętność z jaką je wymawiała.
(-0.4, 0.0, 0.0, 0.0)	Lasy, wzgórza, wieś, nawet płoty przy domu stopniowo rozpływały się w szarej oponie, ziejącej deszczem gęstym i drobnym, tak drobnym, że wszystko przenikał.
(0.0, -0.2, -0.2, 0.0)	A o ilu ja rzeczach nie myślałem przed chwilą i o ilu nie myślę?
(0.0, -0.5, 0.3, 0.0)	Żąda pani ode mnie monstrualnego wyjątku ze zwykłego postępowania, które, wyznaję, wydaje mi się bardzo racjonalne.
(-0.2, 0.0, 0.1, -0.1)	Zdało mi się, że nie mam co robić między nimi, biedny prostak, i już nawet nie patrząc na nich, chcę ich minąć i iść dalej w las, kiedy słyszę, jak jeden z nich woła:
(0.0, 0.0, 0.0, 0.0)	Przede wszystkim zrobiłem sobie stożkowate nakrycie głowy z długowłosej skóry lamy, nie przepuszczającej deszczu.
(-0.0625, 0.0, -0.125, -0.4375)	W niskich, nędznych, zżółkłych trawach kisł ten czarny zalew śmierci, który nad otchłanią kopalni chwieje się lichymi falami.
(0.0, 0.0, -0.25, 0.0)	Bo rzecz nie należała bynajmniej do łatwych.
(0.0, 0.0, 0.0, 0.0)	Będziemy udawali, że się zupełnie nie znamy.
(-0.25, -0.125, 0.0, -0.375)	— Iii... może jaka obca...
(0.0, 0.6666666666666666, 0.0, 0.0)	— Co robi Eugenia?
(0.0, 0.0, 0.0, 0.0)	Gospoda na gościńcu pod lasem stała w miejscu kędy przejazd był znaczny do Poznania.
(0.0, 0.0, 0.3333333333333333, -0.3333333333333333)	Znieważył naród.
(0.0, 0.0, 0.0, -1.0)	Brwi zrośnięte nad nosem oszpeconym ospą.
(0.0, 0.0, 0.0, 0.0)	Tulke stracił dech i chciał zawrócić.
(1.0, 0.0, 0.0, 0.0)	Komendant roześmiał się.
(0.0, 0.0, 0.6666666666666666, 0.0)	— mruknęła ciotka.
(0.0, 0.0, 0.5, -0.16666666666666666)	— Toby było nieromantyczne, a poza tym opowiadanie stałoby się za długie.
(0.0, 0.3333333333333333, 0.0, 0.0)	Otóż, ponieważ ma on zamiar wstąpić do stanu duchownego jednocześnie ze mną, nie wątpi zatem, że zostanie papieżem, a przynajmniej kardynałem.
(0.0, -0.3333333333333333, 0.0, 0.0)	Codzień prawie przynoszono je w podarkach, tak że sokolniczych do nich nastarczyć było trudno.
(0.0, -0.6666666666666666, 0.0, 0.0)	— A potem już jakby mu gębę zamalował, jak ten powiada, — tylko dwa kieliszki wódki wypił.
(0.0, 0.0, 0.6666666666666666, 0.0)	— Zamykamy!
(-0.5, 0.0, 0.0, 0.5)	To była dobra kobieta.
(0.0, 0.0, 0.0, 0.0)	— spytał.
(0.3333333333333333, -0.16666666666666666, 0.16666666666666666, 0.0)	— Oj, to, to — pogroził jej figlarnie palcem — raz się ładnie ubrała i chce się wszystkim znajomym pokazać — powiedział i chwiejnym krokiem odprowadził żonę do wyjścia.
(-0.16666666666666666, -0.3333333333333333, 0.16666666666666666, 0.3333333333333333)	Przecież widział pan, jak często mówiliśmy o naszym nieznanym dobroczyńcy, z jaką czcią i wdzięcznością przechowywaliśmy pamiątkę po nim!
(0.0, 0.0, -0.3333333333333333, 0.0)	Przytulona do skały, stała z Judą i poglądała na pustą ścieżkę, wiodącą do pieczary.
(0.0, 0.3333333333333333, 0.0, 0.0)	Bo fortuna trzeciego rzędu stanowi w rzeczywistości jedną trzecią tego, na co wygląda — jak lokomotywa wśród dymu, który ją otula i wyolbrzymia, jest zawsze tylko maszyną, silniejszą lub słabszą.
(0.3333333333333333, 0.0, 0.0, 0.6666666666666666)	Ja stary jestem i dobrze ci życzę...
(0.0, -0.6666666666666666, 0.0, 0.0)	Nagle wśród chwilowej ciszy zza drzwi gabinetu doleciał podniesiony głos Dyzmy:
(0.0, -0.3333333333333333, 0.6666666666666666, 0.0)	Albo te Michałki wyfraczone umieją się bawić, myślisz?
(0.0, 0.3333333333333333, 0.0, 0.0)	— Pan Craven kazał ją kupić w Londynie.
(0.3333333333333333, 0.0, 0.0, 0.0)	— zanucił Filip.
(-0.6666666666666666, 0.0, -0.3333333333333333, 0.0)	Zrujnowały go konie i zbytkowne budowle.
(0.0, 0.0, -0.3333333333333333, -0.3333333333333333)	Potrząsnęła głową.
(0.0, 0.0, 0.0, 1.0)	Dyzma przyznał pułkownikowi rację.
(0.0, 0.0, 0.16666666666666666, -0.16666666666666666)	Nie odpowiem nigdy na to pytanie.
(0.0, -0.5, 0.0, 0.16666666666666666)	I jego twarz o grubych rysach wyszlachetniała.
(0.0, -1.0, 0.0, 0.0)	Przy samej bramie Agnieszka spostrzegła, że zostawiła u doktora koszyczek od roboty.
(0.0, -0.16666666666666666, -0.16666666666666666, 0.0)	Nie potrzebuję cię ostrzegać, że byłoby niebezpieczne pojawiać się w Rzymie.
(0.0, 0.0, 0.0, 0.0)	Szczur zarzucił lejce na grzbiet konia, związał je i ujął szkapę przy pysku.
(-0.8333333333333334, 0.0, 0.16666666666666666, 0.0)	— Straciłem tam syna...
(1.0, 0.0, 0.0, 0.0)	Rad był z wyjazdu Kmicica.
(0.16666666666666666, 0.0, 0.0, 0.8333333333333334)	Ania wiedziała, że była to ulubiona siostra Roya, toteż odnosiła się do niej serdecznie.
(0.0, -0.5, -0.16666666666666666, 0.0)	— Przysiągłbym, że klejnoty!
(0.0, -0.22222222222222224, -0.22222222222222224, -0.1111111111111111)	Podstępnie gościnności twej...
(0.0, -0.3333333333333333, 0.0, 0.16666666666666666)	— Nic nie rzekł — odpowiedział Zagłoba — a dlaczego, to się w końcu mojej relacji okaże, teraz zaś incipiam....
(0.0, -0.16666666666666666, 0.16666666666666666, 0.0)	— zadzwoniła gwałtownie na Bartka.
(0.0, -0.16666666666666666, 0.0, 0.0)	Pan Stefan jest niepospolity człowiek, a i Helenka jest niepospolitą kobietą...
(0.0, 0.0, 0.0, 0.0)	Takich generałów miała Austria bardzo wielu.
(0.0, 0.6666666666666666, 0.0, 0.0)	— Zdrowa policja powinna wyławiać zdrowych złoczyńców spośród zdrowych gapiów.
(-0.5, 0.0, 0.5, 0.0)	Straciłeś do tego prawo.
(0.0, 0.3333333333333333, 0.0, 0.16666666666666666)	Pokój jak był obu krajom potrzebny, samo dochowywanie rozejmów dowodzi; nigdy one wprzód tak spokojnie nie upływały; teraz jeszcze w czasie ich trwania, ponawiają się ciągle starania o pokój stały.
(0.0, 0.0, 0.7777777777777778, 0.0)	Mów!
(0.0, -0.5833333333333334, 0.0, 0.08333333333333333)	— Nie skarżę się na was, broń Boże!
(0.0, 0.0, 0.0, 0.3333333333333333)	Katarzyna otwarła oczy i zaczęła się uważnie przyglądać córce.
(-0.16666666666666666, 0.0, -0.16666666666666666, 0.0)	Co do położenia Szybowa nie zwyciężył, bo pani Hana, gdyby nawet najmocniej postanawiała z należytym uszanowaniem zostawać względem miejsca pobytu swego, nie potrafiłaby tego dokonać.
(0.0, -0.3333333333333333, 0.0, 0.0)	— A włosy ma jak Cyganka.
(0.16666666666666666, -0.16666666666666666, 0.0, 0.0)	Jeśli się dziwicie, że po trzech latach jego dzieje nie straciły dla mnie aktualności, to muszę wam powiedzieć, że właśnie wówczas dopiero co z nim się widziałem.
(0.0, -0.3333333333333333, 0.0, 0.0)	Jakaż ona?
(0.0, 0.0, -0.3333333333333333, 0.0)	Niebawem zjawił się lekarz, którego sprowadzili Cyganie znajdujący się w izbie noclegowej.
(0.0, 0.6666666666666666, 0.0, 0.3333333333333333)	Wszystkie eszelony przejeżdżające przez tę stację winny otrzymać kolację.
(0.0, 0.0, 0.16666666666666666, -0.5)	— Patrzył, jak się macacie, i brandzlował się.
(0.0, -0.3333333333333333, 0.0, 0.6666666666666666)	— Może masz rację, mój chłopcze.
(0.0, -0.6666666666666666, 0.0, 0.0)	Judym zawahał się.
(-0.3333333333333333, 0.0, 0.0, 0.0)	Żyruń...
(0.0, -0.8333333333333334, -0.16666666666666666, 0.0)	Dla niego było to coś niepojętego, co go więcej dziwiło niż nęciło — studyum teratologiczne.
(0.8333333333333334, 0.0, 0.0, 0.16666666666666666)	Ho, ho, idźże do Poświcia, i szczęść ci, Boże!
(-0.5, 0.0, 0.0, 0.16666666666666666)	Oboje w Nowym Młynku biegali boso i goło i musieli się zadowolić kawałkiem starego razowego chleba.
(0.0, -0.3333333333333333, 0.0, 0.0)	I właśnie kiedym tak rozmyślał, zaszedł drobny wypadek, który przypomniał mi dzieje pogrzebane od lat kilkunastu, a i samego Stacha przedstawił w innym świetle.
(0.0, 0.0, 0.0, 0.0)	„ Kopernik ”.
(0.0, 0.0, 0.0, 0.0)	— myślał Winicjusz.
(-0.3333333333333333, 0.16666666666666666, -0.16666666666666666, 0.0)	— deklamowała przyciszonym, rozemdlonym głosem.
(0.5, -0.5, 0.0, 0.0)	— Oto mamy już drugą!
(0.0, 0.0, 0.0, 0.3333333333333333)	Takie przynajmniej robi wrażenie.
(0.0, 0.0, -0.3333333333333333, 0.0)	Wziął z sobą Żułę, sam przodem ruszył, nie mówiąc drogi, i konia pognał.
(-0.3333333333333333, 0.0, 0.0, 0.0)	Obstawił pacjenta synapizmami i flaszkami i cały tydzień nie pozwolił mu podnosić się z łóżka.
(0.3333333333333333, 0.0, 0.0, -0.3333333333333333)	Ale jemu więcej wolno, bo z promocją do czwartej klasy na wakacje przyjechał.
(-0.5, 0.0, -0.16666666666666666, 0.0)	— No, dosyć, czas mi już odejść, pociąg zaraz nadejdzie.
(0.0, 0.3333333333333333, 0.0, 0.0)	Pierwsza z tych dam ( księżna Sylistrii ), ubrana z wielką prostotą, sucha, ale z miną dość uprzejmą, trzymała w ręce laskę.
(0.0, 0.0, 0.0, 0.3333333333333333)	Oto dziesięć szylingów na nieprzewidziane wydatki.
(-0.3333333333333333, 0.3333333333333333, 0.0, 0.3333333333333333)	— prosiła.
(-0.16666666666666666, -0.5, 0.0, 0.0)	Lecz gdzież podziały się smagłe, gładkie lica, czarne, ogniste oczy i smukła kibić Frejdy, cichej, roztropnej, pracowitej żony i powiernicy Hersza Ezofowicza?
(0.0, -0.6666666666666666, 0.0, 0.0)	Instynktowi życia samego już nieufny?
(0.08333333333333333, 0.3333333333333333, -0.027777777777777773, 0.0)	— Patrz — odezwał się stając kapucyn — oto idzie sprawiedliwość Boża!... późna, ale niechybna, karząca jednych by ustraszyła drugich.
(0.0, -0.6666666666666666, 0.0, 0.0)	— Kiedy?
(1.0, 0.0, 0.0, 0.0)	Pomimo całej biedy, jaka nawiedziła dżunglę, zwierzęta — nie wyłączając Hathiego — nie mogły powstrzymać się od rzęsistego śmiechu, posłyszawszy te słowa.
(0.0, 0.0, -0.16666666666666666, -0.16666666666666666)	Niechętnie bym się ich wyzbyła nawet wówczas, gdyby już samo uczucie zgasło.
(0.0, 0.0, -0.1111111111111111, 0.0)	Były tak zmieszane, że przeoczyły sumę i poszły dopiero na mszę wojskową.
(0.0, 0.0, 0.5, -0.5)	Dziesiątemu by zakazał urządzać takie fugi.
(-0.1111111111111111, -0.5, 0.16666666666666666, 0.0)	— Za co mieliby nas upominać?
(-0.3333333333333333, 0.0, 0.0, 0.0)	Będę musiał powoli lekcje odrabiać, ale tylko z początku.
(0.0, 0.0, 0.0, 0.0)	Na nogach ciżemki żółte.
(-0.3333333333333333, -0.1111111111111111, -0.3333333333333333, 0.0)	— Bo panna Łucja... powiedziała... że ja, że ja...
(0.0, 0.5, 0.0, 0.5)	— A zatem przysięgasz na swą miłość dla mnie nie targnąć się na swoje życie bezpośrednio ani pośrednio...
(0.0, 0.6666666666666666, 0.0, 0.0)	Odczepił swój klucz szambelańskii ośmielił się prosić, czyby N. Pan uwzględniając wiek jego i stargane siły, nie dozwolił mu dla wzmocnienia napić się wina...
(0.0, 0.5, 0.0, 0.0)	W. mistrz nie dowierzając Witoldowi i chcąc się o jego szczerości przekonać, do roku postanowił go zatrzymać.
(0.0, 0.16666666666666666, 0.0, 0.0)	W oddaleniu rzędem idące pokoje pełne były zajętych kancellistów przy pulpitach i stołach... ów pierwszy komissant Teperów, w bardzo starannie ułożonej peruce, w pończochach i trzewikach, z batystową chusteczką zatkniętą za kamizelkę, przestępował z nogi na nogę, patrzał w okno, spoglądał na zegarek, tupał niekiedy niecierpliwemi nogami; maczał pióro i na końcu jego przeciw światła szukał włosa, kładł je i brał znowu... ale ostatecznie nie robił nic...
(0.0, 0.0, 0.0, 0.0)	Zaraz to zgadłam...
(-0.16666666666666666, 0.0, -0.5, 0.0)	Ty nie wiesz — mówiła księżna po cichu — ja się go bardzo boję!
(0.0, 0.0, 0.0, 0.3333333333333333)	Służyła u niego: zna go.
(0.5, 0.5, 0.0, 0.0)	Dochodziły nas głosy i śmiechy, wołano Dorę, musieliśmy wrócić do towarzystwa, uproszono Dorę, aby śpiewała.
(0.0, 0.6666666666666666, 0.0, 0.0)	— Nie potrzeba.
(0.0, -0.3333333333333333, 0.0, 0.0)	Ale w jakim celu?
(-0.3333333333333333, 0.0, 0.0, 0.0)	Dzień cały minął niby sen jakiś niejasny i ciężki, aż do chwili, w której z węzełkiem na plecach kierowałem się ku Ayton, by zdążyć na dyliżans i na zakręcie drogi raz jeszcze rzuciłem spojrzenie za siebie, na szary dom moich rodziców i dwie ciemniejące na progu sylwetki.
(0.0, 0.1111111111111111, -0.3333333333333333, 0.4444444444444444)	Trzeba brnąć dalej.
(0.0, 0.0, 0.8333333333333334, -0.16666666666666666)	— Ty głupi jesteś!
(0.6666666666666666, 0.0, 0.0, 0.0)	Ramzes XIII mógł być zadowolony i dumny: żaden bowiem faraon nawet w czasie triumfalnego wjazdu nie był przyjmowany tak jak on w swojej pokojowej przejażdżce.
(0.0, 0.0, 0.0, 0.0)	—
(0.0, 0.5, 0.0, 0.0)	— Co?
(0.6666666666666666, 0.0, 0.0, 0.0)	Delikatny wietrzyk hasał po pokoju.
(-0.3333333333333333, -0.5, -0.16666666666666666, 0.0)	Mój Boże.
(0.0, 0.0, 0.0, 0.3333333333333333)	Serce jego szerokie.
(0.0, 0.0, -0.3333333333333333, 0.0)	Szeroka jego pierś podnosiła się miarowo, gdy mi opowiadał o ryzykownej sytuacji, w jakiej się wówczas znaleźli; jako marynarz musiałem to niewątpliwie dobrze rozumieć.
(0.0, 0.0, 0.0, 0.0)	Wtedy też do izby wsunęła się Franka i, jak widmo cicha, przesunąwszy się pod ścianą, w kącie na ziemi usiadła.
(0.0, 0.0, 0.0, 0.0)	Tuśka zdaje się spać.
(0.0, 0.0, 0.0, 1.0)	Ten dobry ojciec Morlon miał wielki wpływ na moją inteligencję; miał Szekspira w przekładzie pana Letourneur; bratanek jego pożyczał dla mnie kolejno wszystkie tomy tego dzieła, obszernego jak dla dziecka, osiemnaście czy dwadzieścia tomów.
(0.16666666666666666, 0.0, 0.16666666666666666, -0.3333333333333333)	— Ee... ja by go nie tak zrobił...
(0.0, 0.0, -0.3333333333333333, 0.0)	— A na pensji bały się panienki przełożonej i damy klasowej, które prawiły długie i nudne morały.
(0.0, 0.0, 0.0, 1.0)	To jest szczera prawda.
(0.0, 0.16666666666666666, 0.16666666666666666, 0.0)	— O co ci tedy chodzi?
(0.0, -0.3333333333333333, 0.3333333333333333, 0.0)	Lecz ona porwała się z krzesła.
(-0.8333333333333334, 0.0, 0.0, 0.16666666666666666)	Na fotelu, pod którym zaskrzypiała podłoga, siedziała margrabina Crescenzi, której oczy napełnione łzami spotkały się wprost z oczami Fabrycego, również w nielepszym stanie.
(1.0, 0.0, 0.0, 0.0)	— zawołał Tomek uradowany i pomyślał z niejakim zadowoleniem:
(0.16666666666666666, 0.16666666666666666, 0.0, 0.0)	Naprawdę, wielką bym miał ochotę ubrać Formińskiego w kos­tium Iksa, a dla redaktora Panoramy Tygodnia.
(0.0, 0.0, 0.5, -0.5)	To wstyd!
(0.0, 0.0, 0.0, 0.0)	Co stary Strumieński robił ze ślepej opozycji do swych krewnych, to Piotr naśladował z instynktownego wyrachowania.
(-0.5, -0.16666666666666666, -0.3333333333333333, 0.0)	Dwaj przepadli bez śladu...
(0.5, 0.0, 0.0, 0.5)	Bóg mu to dał, bo zasłużył; złota była to dusza, wszystkich dobrych ludzi kochał serdecznie, a twarz to miał taką, jak aniołek.
(0.0, 0.0, 0.3333333333333333, 0.0)	— krzyknął w pełnym galopie podróżny na swego pachołka, który, rzuciwszy parę sztuk srebra pod nogi oberżysty, podążył za swoim panem.
(-0.3333333333333333, 0.0, 0.0, 0.0)	Otóż w jednym i w drugim wypadku, zapomnienie tyczy nie jakiegoś wiersza Baudelaire’a, który mnie raczej nuży „ jak cymbały ”; nie tezy któregoś z cytowanych wyżej filozofów; ale samej realności pospolitych rzeczy które mnie otaczają we śnie, a których nie percypowanie robi ze mnie warjata; nęka mnie — kiedy się obudzę i tem samem wyrwę się ze sztucznego snu — nie system Porfirjusza lub Plotyna, o których mogę dysputować nie gorzej niż zwykle, ale odpowiedź na jakieś zaproszenie, którą przyrzekłem dać a której pamięć zajęła kompletna luka.
(0.16666666666666666, -0.16666666666666666, 0.0, 0.0)	— Schnie, schnie!
(0.0, 0.0, 0.0, 0.0)	Cyrus Smith i jego towarzysze stali na szczycie góry przez blisko godzinę.
(0.0, 0.0, 0.0, 0.0)	Zacisnęła ręce.
(1.0, 0.0, 0.0, 0.0)	Rozbawiona Łucja śmiała się bez przymusu.
(0.0, 0.0, 0.0, 0.0)	Naturalnie, że musi być wspólnik, i właśnie o nim pogadam dziś z panią Latter.
(0.0, 0.0, 0.0, 0.0)	W północnym krańcu doliny widać gromadkę pagórków stojących pojedynczo jak kopce.
(0.0, 0.0, 0.0, 0.6666666666666666)	Nie sprzeciwiała się.
(0.0, 1.0, 0.0, 0.0)	Przeciera oczy, poprawia włosy — zaraz do okna.
(0.16666666666666666, 0.0, 0.16666666666666666, 0.0)	Wszak miałam prawo zrobić tak, jak zrobiłam.
(0.0, 0.0, -0.5, 0.0)	We drzwiach sali ukazało się kilku żołnierzy z obnażonymi mieczami.
(-0.6666666666666666, 0.0, 0.0, 0.0)	Był mężczyzną, a czuł się bezsilnym w obec losu.
(0.0, 0.0, 0.0, 0.0)	Telegrafuję i tyle.
(-0.3333333333333333, 0.0, 0.0, 0.0)	Niejeden, który w pewnych okolicznościach mógł-by być mądrym i zacnym, pod naciskiem społecznym staje się złym lub ciemnym, i wzajemnie.
(0.0, 0.0, 0.3333333333333333, 0.0)	Butelka jakaś leci na ścianę i pęka.
(0.0, 0.0, 0.0, 0.0)	— odrzekli Kosma i Damian.
(0.0, 0.0, 0.0, 0.3333333333333333)	Który chcesz — bierz.
(0.0, 0.0, 0.0, 0.0)	Jeden zaprząg na samym końcu orszaku całkiem był nie przysypany.
(0.0, 0.0, 0.0, 0.3333333333333333)	— Przywołaj pokojowca, niech mnie rozbiera, sam nie odchodź.
(-0.3333333333333333, 0.0, 0.0, 0.0)	Ale zmęczyłem się tylko jeszcze bardziej.
(0.0, 0.0, 0.0, 0.0)	Babcia Gitl wraz z dziećmi składa ofiary.
(0.0, 0.0, 0.0, 0.0)	Dnia tego kilkakrotnie spełniał rozmaite misje, a to dla braku ludzi w Zakonie obeznanych z jego sprawami, jako też dla braku tych, którzy by w języku polskim i litewskim wymowni byli, mimo to był wprost niestrudzony i poselstwo swoje do końca chciał przeprowadzić.
(0.0, -0.3333333333333333, 0.0, 0.0)	— Znowu waha się pan?
(0.3333333333333333, 0.3333333333333333, 0.0, 0.0)	Lecz zanim je opowiem, chciałabym wiedzieć, czy w istocie między nami znajduje się najwspanialszy rycerz Don Kichot z Manchy i najznakomitszy jego giermek, Sancho Pansa?
(0.3333333333333333, 0.0, 0.0, 0.3333333333333333)	Dżek wybrał drogę najwłaściwszą.
(0.0, 0.0, 0.0, 0.0)	Różnica wieku, usposobień, warunków, w jakich wychowywałyśmy się, wszystko to nas dzieliło.
(0.0, 0.3333333333333333, 0.0, 0.3333333333333333)	Może zapalisz cygaro?
(0.611111111111111, 0.27777777777777773, 0.0, 0.1111111111111111)	Jakże rozkosznie byłoby usłyszeć wyznanie jego prawdziwych uczuć!
(0.0, 0.0, 0.0, 0.0)	— Krew cię ujdzie!
(0.5, 0.0, 0.0, 0.16666666666666666)	— To, to, mój oficerze!
(0.0, 0.0, 0.3333333333333333, 0.0)	Nie każdy ma czarnych niewolników, książęce galerie, broń damasceńską, konie po sześć tysięcy franków, grecką kochankę!
(0.0, 0.0, 0.0, 0.0)	Nie dosyć na tém, jeżeli kraj nic ze swego kapitału nie traci; dobrobyt jego nie wzrośnie, gdy ta suma pod postacią produkcyi i konsumcyi przejdzie choćby przez najwięcéj rąk.
(0.0, 0.0, 0.0, 0.6666666666666666)	— To jest wielki przyjaciel Andrzeja i prawie nasz domownik.
(0.0, 0.0, 0.0, 0.0)	Gdy znikał w drzwiach salonu, za którym był gabinet, pani Nina przeprosiła pozostałych panów po angielsku:
(-0.3333333333333333, 0.0, 0.3333333333333333, 0.0)	— Chciałem go tylko trochę popchnąć...
(0.0, 0.0, 0.0, 0.0)	Nazywano ją nawet panną Natalią i nie jeden panicz, bywający we dworze panów Rogalów, pytał co to za śliczne stworzeńko koło okien przeszło, i myślał że to być musi najmniej córka ekonoma lub klucznicy.
(0.3333333333333333, 0.16666666666666666, 0.0, 0.5)	Od razu i niezłomnie uwierzyła w miłą sobie wiadomość, przyjęła ją nawet bez zdziwienia, jak coś, czego spodziewała się zawsze i co koniecznie stać się musiało.
(0.0, -0.3333333333333333, 0.0, 0.0)	Przecież bardzo długo mnie nie widziała.
(0.0, -1.0, 0.0, 0.0)	— Dziwi się pani?
(-0.7777777777777778, 0.0, 0.1111111111111111, -0.1111111111111111)	Dwa dni zimno trzęsie, kości bolą, że jęczysz, w głowie szumi, a kaszel, zdaje się, piersi rozrywa.
(0.0, -0.611111111111111, 0.27777777777777773, -0.1111111111111111)	— A ty tu znowu, Brühl?
(0.0, -0.16666666666666666, 0.0, 0.0)	Młodzieniec stał zadumany u drzwi, gdy poczuł że go ktoś zlekka za suknię pociąga i odwróciwszy się ujrzał O. Maura, który z chóru go zobaczywszy, przybył powitać.
(0.0, 0.0, 0.0, 0.0)	— rzekła.
(0.0, 0.3333333333333333, 0.16666666666666666, -0.16666666666666666)	— A zwleczesz się?
(0.0, 0.0, 0.0, 0.0)	Nie mam czasu czekać.
(0.0, 0.0, 0.0, 0.0)	— dorzuciła prostując się i przybierając poważną proroczą postać cyganka, a dobierając słów, by dziewczynie głowę zawrócić.
(0.0, 0.0, 0.0, 0.0)	De Polewkarum usu et honestate łykandi per Silvestrem Prieratem, Jacobinum.
(0.5, 0.0, 0.0, 0.5)	— Bógże ci zapłać, bo mi będzie starość lżejsza.
(0.0, -0.6666666666666666, 0.0, 0.0)	Kapitanowie, którzy wysiedli później na ląd, opowiadali o dziwacznej wyprawie nieznajomych i wypytywali, kim są ci dwaj antypatyczni wariaci, rozbijający się w szalupie za jakimś mężczyzną i jakąś kobietą i rozpowiadający historię, z której nic nie można było wyrozumieć.
(0.4444444444444444, 0.1111111111111111, 0.0, 0.1111111111111111)	W pobliskim kościele klasztornym podziwiał na obrazach i relikwiarzach owe przecudne skamieniałe światła i pragnął bardzo w duszy, by doń przemówiły i wyznały mu tajnię swego pochodzenia.
(-0.5, 0.0, -0.16666666666666666, -0.3333333333333333)	Następnie były tam i wizyty mniej przyjemne, rozeszła się bowiem wieść kilkakrotnie, że chciano kardynała zamordować.
(0.0, 0.0, 0.0, 0.0)	— Dlaczego?
(-0.7777777777777778, 0.1111111111111111, 0.0, -0.1111111111111111)	Szedłem w owe straszliwe upały szukać cienia i trochę chłodu pod wielkimi kasztanami w Tuileriach. „ Skoro nie mogę zapomnieć, czy nie lepiej byłoby zabić się? ” — powiadałem sobie.
(0.0, 0.0, 0.0, 0.0)	Do obiadu siadało osiemnaście osób, a w razie potrzeby i dwadzieścia mogłoby się pomieścić w sali jadalnej; ale z rana tylko siedmiu stałych mieszkańców schodziło się na śniadanie i wtedy można by pomyśleć, że to kółko rodzinne zasiada przy stole.
(-0.5833333333333334, -0.08333333333333333, -0.25, -0.08333333333333333)	O je! jak boli!
(0.0, 0.0, 0.0, 0.0)	Przed każdą stała miseczka z jarzynami, czarka z wodą, a obok leżała kromka chleba.
(-0.611111111111111, 0.0, -0.05555555555555556, 0.1111111111111111)	I wyrzekłszy się Marji, czuł taki żal, taką rozpacz po niej, że wracał jeszcze, mówił znowu — kocham Marję.
(0.0, 0.0, 1.0, 0.0)	Jać wam służę... a chcecie zbyć mnie psim swędem... niedoczekanie!
(0.0, 0.0, 0.0, 0.0)	Znajomi szeptali, że pani Latter nie bez racji życzliwie patrzy na wybryki młodego, który w towarzystwie dystyngowanej młodzieży warszawskiej leczył się z demokratycznych mrzonek.
(0.0, 0.0, 0.0, 0.0)	Ale ( o czym matka nie wiedziała ) pani Sazerat, jedyny egzemplarz tego gatunku w Combray, była dreyfusistką.
(0.16666666666666666, 0.3333333333333333, 0.16666666666666666, 0.3333333333333333)	— W domu ci je pokażę, kobieto — odpowie Sancho — trochę cierpliwości miej teraz, a za Bożą pomocą mam nadzieję, że ruszymy jeszcze raz na wyprawę i jak wrócę, zobaczysz mnie hrabią albo władcą wyspy, ale to wyspy co się nazywa, wyspy porządnej, lądowej, nie takiej tam, co to tuzinami po morzu się walają.
(0.0, 0.0, -0.3333333333333333, 0.0)	Krew tętniła jej w skroniach.
(0.3333333333333333, 0.0, 0.0, 0.0)	Przed jakimś Teniersem przywdziewał kaftan żołnierski lub siermięgę robotnika; pragnął nosić brudną i zadymioną czapkę Flamandów, zapijał się piwem, grał z nimi w karty i uśmiechał się do tęgiej wieśniaczki o soczystych kształtach.
(0.0, 0.5, 0.16666666666666666, 0.0)	Przez cały obiad prawie się nie odzywał, tylko z chciwością chwytał ich spojrzenia i słowa, śledził uśmiechy, słuchał ze skupieniem, ale nie mógł złapać nic podejrzanego, bo w ich zachowaniu się była tylko wielka przyjacielska zażyłość, pełna szacunku i życzliwości.
(0.0, -1.0, 0.0, 0.0)	— Doprawdy?
(-0.8333333333333334, 0.0, 0.0, -0.16666666666666666)	Stał nad rynsztokiem i zalewał się łzami, bo jakieś auto ochlapało go błotem.
(0.0, 0.0, 0.0, 0.0)	Potem wędrowcy musieli piąć się stromą percią, zawianą śniegiem, biegnącą po upłazie Snipy, a dopiero poza tym rozpoczynała się jaka taka droga.
(0.0, 0.0, 0.0, -0.3333333333333333)	— No jużci, panie Rzecki — mówi on — kto jeździ do Paryża, kupuje okręty w czasie nieporozumień z Anglią i tak dalej, ten, panie Rzecki, nie odznacza się obywatelskimi cnotami.
(-0.4444444444444444, 0.0, 0.16666666666666666, -0.16666666666666666)	Więc jest źle!
(0.0, 0.0, 0.0, 0.0)	Przyjeżdżał do niego w odwiedziny każdego lata.
(0.0, 0.0, -0.6666666666666666, 0.0)	Nic nie rozumiała... nic — czego od niej chcą obie damy.
(0.0, 0.3333333333333333, 0.3333333333333333, 0.0)	„ W Imieniu Jego Cesarskiej Mości Cesarza Bobineta rozkazuję królewskiemu wianowemu miastu Hradcowi Kralové, aby klucze bram miejskich złożyło w moje ręce.
(0.0, -0.6666666666666666, 0.0, 0.0)	— Kto to?...
(0.0, 0.0, 0.0, 0.0)	— zawołał Morcerf, siniejąc.
(0.0, 0.0, 0.0, 0.0)	— pytał dalej Kmicic.
(0.0, 0.0, 0.0, 0.0)	Grzegorz podszedł do króla.
(0.0, -0.3333333333333333, 0.5, -0.16666666666666666)	A ten malec czego się tu plącze?
(0.1111111111111111, 0.1111111111111111, 0.0, 0.4444444444444444)	— Przyjedź znowu do nas niezadługo, Jakubie — rzekł leśniczy, ściskając mu serdecznie rękę — do nas, mówię, to znaczy i do mnie także.
(0.0, 0.0, 0.0, 0.0)	— Zetrzyj kurz z krzesełka dla jaśnie panny! rzekł Piotr Wik, — teraz pójdę po statek!
