0.698353	0.27534	0.808472	0.434961	anger	sadness	Przygnębiony ciężarem sumienia, zawstydzony wzrok wlepił w ziemię.
0.698353	0.27534	0.808473	0.434961	anger	surprise	— Ale, ale!...
0.698353	0.27534	0.808473	0.434961	anger	sadness	Od wieków tak bardzo odosobieni, samotni, nie żyjąc z nikim, rodziną się tylko własną i sami sobą otaczając starczyli sobie, ani z sąsiadami, ani z tymi do których wypadki ich zbliżały nie zawiązując ściślejszych stosunków.
0.698353	0.27534	0.808473	0.434961	anger	surprise	Nie wspomniał nic o warunkach, pod jakimi ochotnicy zgodzili się na tę naukę.
0.698353	0.27534	0.808473	0.434961	anger	anticipation	Zapatrzyła się w rękę.
0.698353	0.27534	0.808472	0.434961	anger	anticipation	Słucham was, panie von Bergow.
0.698353	0.27534	0.808473	0.434961	anger	anticipation	— Nie zaraz odbędzie się tyle przeze mnie upragniona uroczystość.
0.698353	0.27534	0.808473	0.434961	anger	anger	— Ach, gdyby wiedzieli — mówił z gniewem władca — jak faraon jest bezsilny i ubogi, każdy nomarcha zechciałby być panem swego nomesu!...
0.698353	0.27534	0.808473	0.434961	anger	sadness	Śmiech jej krył wzruszenie, które mi sprawiło ból.
0.698353	0.27534	0.808473	0.434961	anger	trust	— Będę się wpatrywał w plamy atramentowe... będę wiernie pilnował klejnotów!
0.698353	0.27534	0.808473	0.434961	anger	fear	— Kto pan jesteś? czego tu chcesz?...
0.698353	0.27534	0.808472	0.434961	anger	fear	— Bój się Boga, Senderl!
0.698353	0.27534	0.808473	0.434961	anger	anticipation	— Ależ chcę wiedzieć...
0.698353	0.27534	0.808473	0.434961	anger	anticipation	Padre Torquemada stał przy oknie zamyślony, na koniec odwrócił się i podszedł do stołu.
0.698353	0.27534	0.808473	0.434961	anger	trust	Zrozumiałaś mnie.
0.698353	0.27534	0.808473	0.434961	anger	anticipation	— Marku, a Drakecity?
0.698353	0.27534	0.808473	0.434961	anger	neutral	Byłto młody chłopak z jasnemi włosy, skromnie, ale czysto odziany, wyglądający na leśniczego lub pisarza, z torbą myśliwską na plecach, w czarnych, długich po kolana butach, z harapnikiem przez plecy, w wiejskim kapeluszu słomianym na głowie.
0.698353	0.27534	0.808472	0.434961	anger	surprise	Mówcie, którzy stąd jesteście: prawda-li to?
0.698353	0.27534	0.808472	0.434961	anger	anticipation	Co?
0.698353	0.27534	0.808473	0.434961	anger	anticipation	To pewnie i gazety pisze?
0.698353	0.27534	0.808473	0.434961	anger	sadness	Innym znów razem, w dzień chłodny płukać musiała wraz z praczkami bieliznę nad brzegiem jeziora.
0.698353	0.27534	0.808473	0.434961	anger	anger	Tyś go zabił — podchwycił sędzia.
0.698353	0.27534	0.808473	0.434961	anger	anticipation	— zapytała.
0.698351	0.275344	0.808473	0.434961	anger	anger	— mruknął stary ze złością i, nie skończywszy obiadu, wyszedł, a Janka była w takiem usposobieniu, że aby mu zrobić więcej przykrości, kazała koniom czekać przed dworem całe dwie godziny, i z pewną przyjemnością widziała, że stary kilka razy wyglądał z oficyny na podjazd, klął głośno na marnowanie czasu i na jaśnie państwo, i, nie mogąc wkońcu wytrzymać, krzyknął na stangreta:
0.698353	0.27534	0.808473	0.434961	anger	disgust	Wolałby jednak pozostać w domu i czytać tę książkę, niżeli iść na wieczór do baronowej, gdzie nie znajdzie najpewniej nic nowego, ani szczególnie przyjemnego.
0.698353	0.27534	0.808472	0.434961	anger	sadness	Nadeszła chwila, że tłumione łkanie wstrząsnęło te rycerskie piersi.
0.698353	0.27534	0.808473	0.434961	anger	fear	Oto szczepienie będzie spóźnione, oto profesor będzie umierał w najstraszliwszych, w najdzikszych męczarniach.
0.698353	0.27534	0.808473	0.434961	anger	joy	Nie znam w istocie szczęśliwszego małżeństwa.
0.698353	0.27534	0.808473	0.434961	anger	joy	Oswald w jego wieku znał się nawet na zegarze słonecznym.
0.698353	0.27534	0.808473	0.434961	anger	sadness	Mąż zabity, syn uległ wypadkowi, córka pod ziemią, może już martwa, a w dodatku chory starzec, dziecko okaleczałe skutkiem wypadku i wreszcie córka zmarła z głodu podczas strajku.
0.698353	0.27534	0.808473	0.434961	anger	anticipation	Dowiedź tego!
0.698353	0.27534	0.808473	0.434961	anger	sadness	Wyrwał ze złoconych ram portret matki i zwinął go; w złotych ramach pozostała czarna pustka.
0.698353	0.27534	0.808472	0.434961	anger	anticipation	Kanclerz państwa i inni dopraszali się, aby Władysław niezwłócząc udał się do Szegedynu, gdzie posłowie tureccy przybyć mieli.
0.698353	0.27534	0.808472	0.434961	anger	anger	— Słuchaj — rzekł zniecierpliwiony tem do Fotofera, przybyłego w odwiedziny jednego poranku, jak to może być żebym ja się dał temu Włochowi pokonać i odszedł z niczem.
0.698353	0.27534	0.808472	0.434961	anger	surprise	Pierwszy raz to we wsi czy co!
0.698353	0.27534	0.808473	0.434961	anger	disgust	Ciało: to szatan, to złość, to niedoskonałość, zgnilizna i robactwo; duch jedyną prawdą.
0.698353	0.27534	0.808473	0.434961	anger	surprise	— Przysięgam, że tego po tobie się nie spodziewałem.
0.698353	0.27534	0.808473	0.434961	anger	sadness	Tak nad niemi pochyloną z boku schwyciła pantera, drasnęła ją ledwie, i piękna jej główka jak zwiędły kwiat pochyliła się blada, prawie bez śmiertelnego wysiłku...
0.698353	0.27534	0.808473	0.434961	anger	anger	Nie!
0.698353	0.27534	0.808473	0.434961	anger	surprise	— Aa?!...
0.698353	0.27534	0.808473	0.434961	anger	neutral	Historja wahającego się oblubieńca i zerwanego małżeństwa może temu odpowiadać, jak recenzja rozsądnego dziennikarza może dać treść sztuki Ibsena.
0.698353	0.27534	0.808472	0.434961	anger	anticipation	— Czy powiedział coś?
0.698353	0.27534	0.808473	0.434961	anger	anger	Z przyjemnością rzuciłabym mu wprost w twarz, że Halszka go nienawidzi.
0.698353	0.27534	0.808473	0.434961	anger	anger	— Idź do diabła!
0.698353	0.27534	0.808473	0.434961	anger	sadness	Znów siedział w milczeniu, strasznie tęsknym wzrokiem patrząc w dal, jakby szukając tej zmarnowanej okazji odznaczenia się; rozwarte nozdrza zdawały się chwytać upajającą woń tej zmarnowanej sposobności.
0.698353	0.27534	0.808472	0.434961	anger	neutral	— Już go raz słyszałem.
0.698353	0.27534	0.808473	0.434961	anger	neutral	Mnie zaraz powiedziała, jako było.
0.698353	0.27534	0.808473	0.434961	anger	neutral	Po nabożeństwie odbyło się zebranie rady kościelnej.
0.698353	0.27534	0.808473	0.434961	anger	joy	— ozwał się Kim, parskając śmiechem, a oczy mu się zaświeciły.
0.698353	0.27534	0.808473	0.434961	anger	fear	Na miły Bóg, bądź ostrożna!
0.698353	0.27534	0.808473	0.434961	anger	sadness	I sam ten człowiek, gdyby nawet był wolny, nie byłby zdolny do poważnego przywiązania, gdy ona — czuła to dobrze — potrafiłaby w życiu kochać tylko raz.
0.698353	0.27534	0.808473	0.434961	anger	neutral	— Nie wiem, panie dyrektorze.
0.698353	0.27534	0.808473	0.434961	anger	anticipation	— Gotów nieboszczyk?...
0.698353	0.27534	0.808473	0.434961	anger	anger	Puść mnie, wolnym chcę być!
0.698353	0.27534	0.808473	0.434961	anger	sadness	— Bóg widzi, że moja hardość została za bramą tutejszą.
0.698353	0.27534	0.808473	0.434961	anger	anticipation	Weźcie mnie z sobą.
0.698353	0.27534	0.808473	0.434961	anger	sadness	Lampka żółtym cieniem spowija izbę suteryny, jej ubogie sprzęty i znużone świętem twarze mieszkańców.
0.698353	0.27534	0.808472	0.434961	anger	fear	A kiedy wyszła z pierwszego osłupienia, gdy jeden rok i drugi minął głucho, czuła niepokój w głębi piersi, jakby trzepotanie źle związanych skrzydeł.
0.698353	0.27534	0.808473	0.434961	anger	anger	— Och, daj spokój!
0.698353	0.27534	0.808472	0.434961	anger	neutral	— panem dziedzicem Nawłoci z przyległościami.
0.698353	0.27534	0.808472	0.434961	anger	sadness	—... Odszedłeś od nas — wołały płaczki — nie ma cię, panie... osierociłeś nas biednych...
0.698353	0.27534	0.808473	0.434961	anger	joy	Anna ocknęła się, wzruszona serdecznością Franciszka.
0.698353	0.27534	0.808473	0.434961	anger	joy	Mason aż pozieleniał z radości.
0.698353	0.27534	0.808472	0.434961	anger	anticipation	— Domyślałam się — powiedziała — że na coś się zanosi, chociaż Sämund nic mi nie powiedział.
0.698353	0.27534	0.808473	0.434961	anger	trust	Gdybym miał ciebie tego dnia, licytowałbym wyżej i utrzymałbym się przy kupnie.
0.698353	0.27534	0.808473	0.434961	anger	surprise	— Nie wiedziałem, że się interesujesz zoologią.
0.698353	0.27534	0.808473	0.434961	anger	neutral	Pojadę do Szczytna.
0.698353	0.27534	0.808472	0.434961	anger	neutral	Bernard obojętnie podniósł ramiona.
0.698353	0.27534	0.808473	0.434961	anger	trust	— Co komu Pan Bóg przeznaczył, to go i tak nie minie — odparł Litwin.
0.698353	0.27534	0.808472	0.434961	anger	sadness	Teraz dopiero z setek i tysięcy szczegółów układałem w sobie obraz zmarłej, ów obraz, który mi wszędzie towarzyszy.
0.698353	0.27534	0.808472	0.434961	anger	fear	I przerażona czuje, że serce jej tłuc się zaczyna jak ptak w klatce.
0.698353	0.27534	0.808473	0.434961	anger	surprise	— Skąd tak idziesz?
0.698353	0.27534	0.808473	0.434961	anger	trust	Bogu polecam moje dzieci!
0.698353	0.27534	0.808473	0.434961	anger	sadness	Może życie niczego więcej nie warte!
0.698353	0.27534	0.808472	0.434961	anger	surprise	— A nie chceszli wyspowiadać się przed drogą?
0.698353	0.27534	0.808473	0.434961	anger	joy	I widząc, że ciotka naprawdę nie wie, co znaczy piszczyk, aby mieć przyjemność okazania, że jest w równym stopniu wykształcona jak purystka, i aby zadrwić z ciotki, zadrwiwszy poprzednio z pani de Cambremer, rzekła na wpół ze śmiechem, powściąganym przez resztki udanego złego humoru:
0.698353	0.27534	0.808473	0.434961	anger	disgust	Lekkie szyderstwo brzmiało w jego głosie.
0.698353	0.27534	0.808473	0.434961	anger	anger	Niechże się ów komtur przekona, że nie twoja zapalczywość, ale nasze prawa karzą śmiercią za porwanie się na osobę posła.
0.698353	0.27534	0.808473	0.434961	anger	surprise	Czy to miał być protest?
0.698353	0.27534	0.808473	0.434961	anger	anticipation	Staś przyszedł do pokoju zawiadowcy i czekał, bo Orłowski chodził wzdłuż pokoju, spoglądał w dwa okna peronu, to przez okienko kasowe, wychodzące na korytarz, wychylał głowę i nasłuchiwał.
0.698353	0.27534	0.808472	0.434961	anger	anger	— Utaił by się przed innemi, nie przedemną!
0.698353	0.27534	0.808473	0.434961	anger	sadness	Bito nas nie patrząc gdzie.
0.698353	0.27534	0.808473	0.434961	anger	joy	— Ach, dobrze, żem se spomniał!
0.698353	0.27534	0.808473	0.434961	anger	anger	— Po cóż ja ciebie urodziiiłam!...
0.698353	0.27534	0.808473	0.434961	anger	surprise	Nie?
0.698353	0.27534	0.808472	0.434961	anger	anticipation	— Więc zrobi pani, o co prosiłem?...
0.698353	0.27534	0.808472	0.434961	anger	surprise	— spytał Harvey, nie mogąc jeszcze sobie uprzytomnić, że jego życie było najzupełniej bezpieczne.
0.698353	0.27534	0.808473	0.434961	anger	surprise	— Ale jak ty zrozumiesz tę ich mowę?
0.698353	0.27534	0.808473	0.434961	anger	anticipation	— Cóż będziesz robił po obiedzie?
0.698353	0.27534	0.808472	0.434961	anger	disgust	Dał Maciuś dzieciom prawa i patrzcie, co zrobiły.
0.698353	0.27534	0.808473	0.434961	anger	fear	A wtem na krańcach, gdzie niebo zdawało się stykać z ziemią i rozciągały się mgły sinawe, w tych mgłach właśnie zamajaczało coś i poczęło się poruszać, wypełzały jakieś kształty, z początku mętne, które zwierając się stopniowo, stawały się coraz wyraźniejsze.
0.698353	0.27534	0.808473	0.434961	anger	neutral	— wołał Pantera.
0.698353	0.27534	0.808472	0.434961	anger	joy	Nareszcie otwarły się drzwiczki do numeru Płazy-Spławskiego, nareszcie światło...
0.698354	0.275342	0.808474	0.434962	anger	neutral	W Dobromilu, na etapie w kancelarii, zapisywano wszystkich jeńców jednego po drugim, co odbywało się nie bez trudu, ponieważ wśród wszystkich trzystu jeńców, spędzonych do Dobromila z różnych stron, nie było ani jednego, który rozumiałby mowę rosyjską sierżanta siedzącego za stołem i pełniącego obowiązki tłumacza we Wschodniej Galicji, bo twierdził o sobie, że język rosyjski zna.
0.698353	0.27534	0.808473	0.434961	anger	surprise	— Zwaryowałeś?
0.698353	0.27534	0.808473	0.434961	anger	anticipation	Dołożycie starań, aby wcisnąć się do rozmównicy jakiegoś klasztoru; ploteczki tych pustelnic nie będą dla nas bez pożytku.
0.698353	0.27534	0.808473	0.434961	anger	surprise	— Jak to?
0.698353	0.27534	0.808472	0.434961	anger	surprise	Rózia postrzegła tylko mundur i przelękła się, sądząc że w mieszkaniu Juljana robić będą rewizyą, ale w chwili gdy ta myśl po jéj główce przebiegła, poznała w zbliżającym się kniazia z bukietem w ręku i pudełkiem cukierków.
0.698353	0.27534	0.808473	0.434961	anger	neutral	Tak rozmawiając, zbliżyli się do Krakowa.
0.698353	0.27534	0.808473	0.434961	anger	surprise	Czy kto uwierzy, iż są takie domy?
0.698353	0.27534	0.808472	0.434961	anger	surprise	Jest pełna!
0.698353	0.27534	0.808472	0.434961	anger	anticipation	Rozkazał pracować i ochraniać od złego ile w mej mocy i oddać temu tylko, kto, oprócz urzędowej legitymacyi, przyniesie mi znak umówiony z przyjacielem.
0.698353	0.27534	0.808472	0.434961	anger	anticipation	Podróżny podjechał bliżej, a na orszak skinął, dając znak, żeby na niego zaczekał.
0.698353	0.27534	0.808472	0.434961	anger	disgust	Słowo Niemca to fałsz...
0.698353	0.27534	0.808473	0.434961	anger	surprise	— A to, synku, zapomniałeś, że ci przybył jeszcze jeden obowiązek?
0.698353	0.27534	0.808473	0.434961	anger	fear	Ale gdy tak mówiła, drwiące jej oczy lśniły tak żywo, że książę nie mógł ich znieść; spojrzał na sufit, co było u niego ostatecznym znakiem krańcowego zakłopotania.
0.698353	0.27534	0.808473	0.434961	anger	anticipation	Wielki, choć z całej siły tłumiony gwałt pożądania był w tych prośbach...
0.698353	0.27534	0.808473	0.434961	anger	surprise	Czyż pan nie wie, że przynajmniej raz na miesiąc Jagoda podaje się do dymisji.
0.698353	0.27534	0.808473	0.434961	anger	disgust	— Wcale nie samotnych.
0.698353	0.27534	0.808472	0.434961	anger	joy	— Mój ojcze!
0.698353	0.27534	0.808472	0.434961	anger	sadness	Wokulski czuł, że ten mrok, żal i smutek wypływał z jego serca i że to wszystko zakończy się chyba z życiem, jeżeli się zakończy...
0.698353	0.27534	0.808473	0.434961	anger	trust	Komu jest dobrze, temu się widzi, że wszystko się dzieje na świecie, jak przynależy, jak Pan Bóg przykazał!
0.698353	0.27534	0.808472	0.434961	anger	surprise	W pierwszej chwili sądziłem, że to intryga miłosna.
0.698353	0.27534	0.808472	0.434961	anger	anticipation	— spytałem go, kiedyśmy wyszli na ganek, — nie mając już siły powstrzymać tych słów, co od godziny prawie paliły mi wargi.
0.698353	0.27534	0.808472	0.434961	anger	anticipation	— Jutro, lub dziś nawet.
0.698353	0.27534	0.808473	0.434961	anger	fear	A jak okaże się, że komitet zbyt pośpiesznie wydał rozkaz egzekucji?
0.698353	0.27534	0.808473	0.434961	anger	disgust	— Potworny jest — rzekła.
0.698353	0.27534	0.808472	0.434961	anger	disgust	Doprawdy, nadto jest pewny siebie.
0.698353	0.27534	0.808473	0.434961	anger	sadness	Na mnie spada cała ich złość dlatego, że ja was bronię z narażeniem moich dóbr w Neapolitańskiem, siebie...
0.698353	0.27534	0.808473	0.434961	anger	anticipation	Postrzegłszy to, pan Michał pociągnął wszystkich ze sobą do bramy, aby się wjeżdżającym przypatrywać.
0.698353	0.27534	0.808472	0.434961	anger	trust	No, a cmentarz! widzicie, że mi nic nie zaszkodził, to i wam przy mnie nicby się nie stało...
0.698353	0.27534	0.808473	0.434961	anger	disgust	Jeszcze tak nie jest, ale on z dniem każdym jest tłuściejszy.
0.698353	0.27534	0.808473	0.434961	anger	anger	Chce podobać się Solskiemu, a bałamuci innych!
0.698353	0.27534	0.808472	0.434961	anger	joy	Jaka ta Laura szczęśliwa ze swoim wiecznym spokojem!
0.698353	0.27534	0.808473	0.434961	anger	anticipation	Przez ustalenie jego tożsamości można będzie wykryć, z kim oskarżony miał do czynienia, a także będzie można poznać jego współwinnych.
0.698353	0.27534	0.808472	0.434961	anger	sadness	Chybaż on się powiesi — ów Bohun — ale już jemu czarownica przepowiadała, że on tej, o której myśli, nigdy nie dostanie i że Lach ją posiędzie, a ten Lach to pewnie jegomość.
0.698353	0.27534	0.808472	0.434961	anger	joy	Za każdym razem, kiedy chodziłem się odlać za te lipy na końcu ogrodu, dusza moja czuła się odświeżona widokiem tych przyjaciół.
0.698353	0.27534	0.808473	0.434961	anger	neutral	Rejentka lekko skinęła głową i rzekła do Ajdara:
0.698353	0.27534	0.808473	0.434961	anger	neutral	A wtedy ojciec mój powtórzył:
0.698353	0.27534	0.808473	0.434961	anger	fear	Suknia, kapelusz, okrywka i parasolka, wszystko musi być nowe, a tu tak niewiele czasu i nie tylko nic nie zamówione, ale nawet nie wybrane!...
0.698353	0.27534	0.808472	0.434961	anger	anticipation	— Wiesz, dziecko, że ojciec sam chce mówić z panem...
0.698353	0.27534	0.808473	0.434961	anger	anticipation	— Staram się wejść w położenie tego przemysłowca.
0.698353	0.27534	0.808472	0.434961	anger	trust	Godzę się z losem.
0.698353	0.27534	0.808472	0.434961	anger	anticipation	Gdyby ów młody człowiek zjawił się za naszych szczęśliwych dni, gdyby przyniósł Brygidzie jakiś obojętny list, czyż byłbym nań zwrócił jaką bądź uwagę?
0.698353	0.27534	0.808472	0.434961	anger	joy	W tej chwili pani Flora przystąpiła do nich, śmiejąc się na całe swoje puszyste gardziołko.
0.698353	0.27534	0.808472	0.434961	anger	anticipation	Uklękła i pociągnęła go, aby uczynił to samo.
0.698353	0.27534	0.808473	0.434961	anger	neutral	Zawiadowca, skoro tylko mu tamten zniknął z oczu powrócił do kancelaryi i zajął się załatwianiem urzędowych korespondencyi.
0.698353	0.27534	0.808473	0.434961	anger	surprise	Aż się biali królowie sami przestraszyli, że za dużo zabiją.
0.698353	0.27534	0.808473	0.434961	anger	anticipation	Ależ on tu nie próżnuje, więc jeszcze idzie naprzód.
0.698353	0.27534	0.808472	0.434961	anger	joy	Zdumiony tym niezwykłym objawem uczucia, spojrzał na nią namiętnie; przy śniadaniu wydała mu się bardzo ładna; mimo że miał spuszczone oczy, cały czas rozbierał w myśli jej wdzięki.
0.698353	0.27534	0.808473	0.434961	anger	neutral	Podeszła do Morela.
0.698353	0.27534	0.808473	0.434961	anger	joy	— Ot, tu jest na to lekarstwo!
0.698353	0.27534	0.808473	0.434961	anger	sadness	Petrek głowę spuścił, nie mówił nic.
0.698353	0.27534	0.808472	0.434961	anger	anticipation	— Halo, dziewczynko!
0.698353	0.27534	0.808473	0.434961	anger	sadness	W izbach, przez które przechodzili, cisza panowała i smutny mrok wieczora je zalegał.
0.698353	0.27534	0.808473	0.434961	anger	anticipation	— Panu Braunowi kazałam, by zaraz mi wszystko donosił.
0.197657	0.0812737	0.215793	0.0989958	anger	fear	Strasznie chciało mu się jechać, ale zlazł jak niepyszny i ponieważ mrok już zapadał, poszedł za ogrody odmówić wieczorne pacierze, ale mógł się to zebrać w sobie, kiedy jakaś dzieuszyna piesneczka dzwoniła gdzieś niedaleko i baby rajcowały w jakimś sadzie, że każde słowo leciało po rosie, i wrzeszczały dzieci kąpiące się w stawie, kajś znów śmiechy się zatrzęsły, to ryki krów, to księże perliczki darły się przenikliwie i cała wieś huczała przeróżnymi pogłosami niby ten ul rozbrzęczany, że cięgiem mu się myliło, a gdy nareszcie uchwycił wątek i przyklęknąwszy pod żytem wtopił rozmodlone oczy w to niebo rozgwiażdżone i poniósł duszę kajś w zaświaty, buchnęły od wsi takie przeraźliwe krzyki, lamenta i przeklinania, że poleciał ku domowi wystraszony wielce i niespokojny.
0.698353	0.27534	0.808472	0.434961	anger	anger	— zawoła Don Kichot — tu nie czas na żarty, na wszystko jest właściwa pora; teraz nie pora na żarty.
0.698353	0.27534	0.808472	0.434961	anger	disgust	Bodajeś nigdy matką nie była!
0.698353	0.27534	0.808473	0.434961	anger	anger	Wziął na stronę przyjaciela, i rzekł mu: — Pani Ru ma złe serce!
0.698353	0.27534	0.808472	0.434961	anger	anticipation	— Niech pan zaatakuje pierwszy południk.
0.698353	0.27534	0.808472	0.434961	anger	fear	Nie mógł mnie przecie nikt zobaczyć w tych łachmanach.
0.698353	0.27534	0.808472	0.434961	anger	joy	Mówiła to śpiewnie, z dziwnym upojeniem w głosie, który zdawał się wzbierać i drżeć, jakby chciał więcej powiedzieć, niż te proste słowa wyrażały.
0.698353	0.27534	0.808473	0.434961	anger	joy	Cicho, sekretnie pochwalała tę rozpustę nocną, która nareszcie jej duszę uzdrowiła, wyzwoliła, oblała zimną rosą spokoju.
0.698353	0.27534	0.808473	0.434961	anger	anger	— A nie obłaskawię, bo i ten będzie jeszcze mój, niech się jeno ciepło zrobi, to już umyśliłem taki sposób na niego, że nie wytrzyma na plebanii, a przyleci!
0.698353	0.27534	0.808473	0.434961	anger	fear	Zasypywano pociskami zamek, zasypywano miasto, wszystkie bramy, wszystkie baszty.
0.698353	0.27534	0.808472	0.434961	anger	anticipation	— dodał, ja z Neorżą moim powoli sobie radę dam.. jam nie wieczny, ani on...
0.698353	0.27534	0.808472	0.434961	anger	fear	— Ja dawniej wiszę — szepnął cicho Andrzej, z jakimś ledwie odczutym akcentem bólu, i twarz mu pobladła, ale oczy natychmiast rozbłysły dawną energją wytrwania i uporu.
0.698353	0.27534	0.808473	0.434961	anger	sadness	Ból jego serdeczny coraz bardziej ginął pod uczuciem wstydu, upokorzenia, zranionej miłości własnej.
0.698353	0.27534	0.808473	0.434961	anger	sadness	Nie sposób było pisać ni jeść porządnie, słowem sto razy w ciągu dnia brakowało mi tych przedmiotów.
0.698353	0.27534	0.808473	0.434961	anger	disgust	— Wracajcie skądeście przyszli.
0.698353	0.27534	0.808472	0.434961	anger	sadness	Nie miał nikogo, z kim mógłby, lub chciał podzielić się myślami.
0.698353	0.27534	0.808472	0.434961	anger	sadness	Ale zapomniałam o biednych w Sacca!
0.698353	0.27534	0.808473	0.434961	anger	joy	O prześlicznie, panie O’Haro!
0.698353	0.27534	0.808473	0.434961	anger	surprise	— O!
0.698353	0.27534	0.808472	0.434961	anger	surprise	Nagle zadzwoniło, zawirowało.
0.698353	0.27534	0.808473	0.434961	anger	surprise	Nie powiadano ci jeszcze?
0.698353	0.27534	0.808473	0.434961	anger	fear	Grzmoty zgłuszyły strzelaninę i zataczając się kołem, dudniąc, hucząc, budziły straszne echo w skałach.
0.698353	0.27534	0.808473	0.434961	anger	neutral	Toteż wkrótce w wyznaczonym miejscu stanęła walcowata budka, jakby pieprzniczka, nakryta szpiczastym dachem.
0.698353	0.27534	0.808472	0.434961	anger	fear	— bełkotał przestraszony, bo Antek puścił kosę i szedł ku niemu blady, ze strasznymi oczami.
0.698353	0.27534	0.808472	0.434961	anger	trust	— W jego ręku teraz zbawienie ojczyzny, a że gotów za nią życie oddać, niech mu Bóg błogosławi.
0.698353	0.27534	0.808472	0.434961	anger	joy	Radość i zapał błysły w oczach Edmunda i złotnik się oddalił, pozostawiając swego młodego przyjaciela w najrozkoszniejszych oczekiwaniach.
0.698353	0.27534	0.808472	0.434961	anger	sadness	Przekazywali sobie osobliwe wieści o pogrzebie wielkiego chana.
0.698353	0.27534	0.808472	0.434961	anger	surprise	Ze zdumieniem spostrzegła, że służba zapala nad stołami lampy ze światłem skoncentrowanym.
0.698353	0.27534	0.808472	0.434961	anger	joy	— Jesteś dobry i wielki, mój panie — rzekła Hayde, całując dłoń hrabiego — jestem szczęśliwa, że należę do ciebie.
0.698353	0.27534	0.808473	0.434961	anger	sadness	— Istny potop — szepnął po chwili, a opierając czoło o szybę, dodał — Ciemno choć oko wykol.
0.698353	0.27534	0.808473	0.434961	anger	sadness	Dlatego gdy tamte szczęśliwe... ja umieram z upokorzenia, z tęsknoty, ze wstydu.
0.698353	0.27534	0.808473	0.434961	anger	joy	Winszuję panu, panie Murek.
0.698353	0.27534	0.808473	0.434961	anger	surprise	Nigdy jeszcze nie widziałam człowieka w takim stanie.
0.698353	0.27534	0.808472	0.434961	anger	neutral	Jedno na pierwszym piętrze za sto franków dziennie, drugie na trzecim za dziesięć franków.
0.698353	0.27534	0.808473	0.434961	anger	anger	— Od chwili gdy zostałeś panem Egiptu, zbrodniarzami są ci, którzy ośmielają się widywać ciebie i nie zdawać sprawy z tego, o czym raczysz mówić...
0.698353	0.27534	0.808473	0.434961	anger	neutral	Sadownik Zajmweł odwiózł do domu zmiętą czerwoną pościel i ostatni wózek zimowych jabłek.
0.698353	0.27534	0.808473	0.434961	anger	neutral	Otworzyłem „ Le Figaro ”.
0.698353	0.27534	0.808473	0.434961	anger	anticipation	Wyczekawszy jeszcze chwilę, puknął leciuchno w ten sam sposób.
0.698353	0.27534	0.808472	0.434961	anger	joy	Dziewczynka też, którą Jan naparł się wziąć od matki, mileńka była, wesoleńka i zawczasu już porządek w chacie robić zaczęła, a i bratowa, choć płocha i w romansach niepowściągniona, dzieci swoje często nawiedzała i jego doglądała, wesołą swoją gadatliwością babską śmiesząc czasem i rozrywając.
0.698353	0.27534	0.808473	0.434961	anger	neutral	— pytał karczmarza Zagłoba.
0.698353	0.27534	0.808473	0.434961	anger	anger	— Ośle głupi!
0.698353	0.27534	0.808473	0.434961	anger	anticipation	— Chciałbym, aby byli przy tym Albert de Morcerf i Raul de Château-Renaud; wiesz pan, że prosiłem ich już na świadków.
0.698353	0.27534	0.808472	0.434961	anger	surprise	Gdy Otocki podjechał na Smolną do „ Sygnałów ”, okazało się, że partyjne zebranie jeszcze się nie skończyło.
0.698353	0.27534	0.808473	0.434961	anger	anger	— Wykup!
0.698353	0.27534	0.808472	0.434961	anger	surprise	Gedymin zwrócił wę nagle ku niemu.
0.698353	0.27534	0.808473	0.434961	anger	joy	Młody książę przybywał bardzo wcześnie na miłe wieczory matki, która powtarzała mu ciągle:
0.698353	0.27534	0.808472	0.434961	anger	joy	Mimika, gesty, w połączeniu z częstymi zmianami głosu, jakimi Bixiou malował swoje figury, musiały być doskonałe, bo trzej słuchacze wydawali bezwiednie krzyki uznania oraz pomruki radości.
0.698353	0.27534	0.808473	0.434961	anger	anger	Nie gadajcie tyle, mówie, za dużo tej gadaniny: dobra kosa dla łąki, dobra bedzie i dla żyta.
0.698353	0.27534	0.808472	0.434961	anger	trust	— Zostań pani!... sprawi mi to prawdziwą ulgę pomówić z osobą, obcą jeszcze temu światu kłamstwa i pustoty!
0.698353	0.27534	0.808472	0.434961	anger	anger	Ale chyba nie byłbym Rynaldem Montalban, żebym mu tego wszystkiego, mimo jego czarów, drogo nie zapłacił, jak tylko z łoża się zdźwignę.
0.698353	0.27534	0.808473	0.434961	anger	trust	Widzisz, że wszystko tak urządziłam, żeby twój portret nie był skończony i żebyś mógł przyjechać do Przytułowa.
0.698316	0.275327	0.808449	0.434933	anger	trust	Tak w niej znać było, że ona oddaje mu się z biciem serca, ale zarazem z ufnością, że oddaje mu serce, duszę i całą istotę, całe życie, i to nietylko na dobre, ale na każde chwile życia — i aż do końca życia, że pod tym względem żaden cień nie powstał w umyśle Połanieckiego, a ta pewność uczyniła go w tej chwili lepszym, tkliwszym i wymowniejszym, niż bywał zwykle.
0.698353	0.27534	0.808473	0.434961	anger	anger	— Do stu diabłów, są inne środki okazywania miłości, niż Homer.
0.698353	0.27534	0.808472	0.434961	anger	surprise	— Oho!
0.698353	0.27534	0.808473	0.434961	anger	anticipation	Jednego dnia siostrzenice pani de Montcertin pytały ją, co to jest miłość.
0.698353	0.27534	0.808473	0.434961	anger	sadness	Ogólnie wiedziano, że w młodości przeżyła dramat, bo jej narzeczony zginął na froncie w 1920 roku i od tego czasu ani na dzień jeden nie zdjęła po nim żałoby.
0.698353	0.27534	0.808472	0.434961	anger	anticipation	Spodziewałam się, że go dostaniemy.
0.698353	0.27534	0.808473	0.434961	anger	disgust	Pożyczać u ludzi?
0.698353	0.27534	0.808473	0.434961	anger	surprise	— spytał niespodzianie.
0.698353	0.27534	0.808472	0.434961	anger	disgust	— Nieruchome spojrzenie Ricarda zbiło go z tropu i dodał zmieszanym tonem: — Mówię, że to pospolity, marny złodziej bez żadnego znaczenia.
0.698353	0.27534	0.808473	0.434961	anger	fear	Ale jeżeli mimo wszystko nie zdołam zajść do Niego?
0.698353	0.27534	0.808473	0.434961	anger	joy	Szwentas ściskał go i całował.
0.698353	0.27534	0.808472	0.434961	anger	anger	— Nie.
0.698353	0.27534	0.808472	0.434961	anger	anger	Co znowu?
0.698353	0.27534	0.808472	0.434961	anger	fear	— A jeśli pomyłką jest to wszystko?
0.698353	0.27534	0.808472	0.434961	anger	anger	— Na to się mu podcina skrzydła!
0.698353	0.27534	0.808473	0.434961	anger	anger	Ale nie mogąc się ognać zbereźnikom, które jako te wróble obsiadały sztachety, a śmielsze nawet już pod okna się przebierały, to jeno przygrażał księżym cybuchem a wyklinał.
0.698353	0.27534	0.808472	0.434961	anger	anticipation	Niebo, które zatrzymało nas tutaj i zesłało niepogodę umyślnie po to, abyś pan usłyszał historię moich amorów, czegóż znów teraz sobie życzy? ”.
0.698353	0.27534	0.808473	0.434961	anger	sadness	— Przychodzi do siebie — powiedziałem — ale bardzo osłabiony.
0.698353	0.27534	0.808473	0.434961	anger	joy	Spotkali się oczami.
0.698353	0.27534	0.808472	0.434961	anger	joy	Nie przeszkodziło to jednak przyjaciołom utrzymywać dalsze serdeczne stosunki.
0.698353	0.27534	0.808473	0.434961	anger	surprise	Ja, znając pułkownika, byłam również pewna, że nie zainteresuje go bliżej ta kwestia.
0.698353	0.27534	0.808473	0.434961	anger	joy	— Nawrócony!... nawrócony faraon!...
0.698353	0.27534	0.808473	0.434961	anger	fear	Emil czuł, że się dusi.
0.698353	0.27534	0.808472	0.434961	anger	surprise	Nie wiedzieć dlaczego, to, co innym wydawało się pochlebne i zaszczytne, ją drażniło i obrażało.
0.698353	0.27534	0.808472	0.434961	anger	joy	A jakie z niej porządne i uczciwe dziewczynisko!
0.698353	0.27534	0.808472	0.434961	anger	surprise	Z trudem mu go wydarliśmy, a gdy ujrzał go w naszych rękach, był zdumiony.
0.698353	0.27534	0.808473	0.434961	anger	sadness	Ona chciałaby pozostać przy swojej mamie, ale jakże to uczynić, jeżeli mama tego nie chce?...
0.698353	0.27534	0.808473	0.434961	anger	anticipation	— Czekać wystrzału.
0.698353	0.27534	0.808472	0.434961	anger	fear	Pełno krwi na was...
0.698353	0.27534	0.808472	0.434961	anger	anger	Miłosierny Bóg niechaj uczyni to, aby wrogowie nasi utonęli we własnej krwi z ran, które wy im zadacie! ”
0.698353	0.27534	0.808473	0.434961	anger	anger	Nie zawojujecie tych ziem!
0.698353	0.27534	0.808472	0.434961	anger	surprise	— Kto taki?
0.698353	0.27534	0.808473	0.434961	anger	anticipation	— A tyś co robił, jak go nie było?
0.698353	0.27534	0.808473	0.434961	anger	anger	Beetle, bierz go!
0.698353	0.27534	0.808472	0.434961	anger	surprise	— Czy nigdy się nie modliłaś w życiu?
0.698353	0.27534	0.808473	0.434961	anger	surprise	— Procą?
0.698353	0.27534	0.808473	0.434961	anger	surprise	— Ależ nie miałeś strzelby z sobą?
0.698353	0.27534	0.808472	0.434961	anger	disgust	— Nie przystoi to mojej czci szlacheckiej.
0.698353	0.27534	0.808472	0.434961	anger	joy	Pochwal się, że jesteś.
0.698353	0.27534	0.808473	0.434961	anger	anger	Nienawidzę tego okrutnego rygoru i żelaznej logiki tych ludzi, którzy pojedyncze osoby czynią odpowiedzialnymi za losy narodów! ”
0.698353	0.27534	0.808472	0.434961	anger	joy	— dokończył powstrzymując śmiech knecht.
0.698353	0.27534	0.808472	0.434961	anger	joy	A oni krzyczą: „ Niech żyje ulica, niech żyje Pupek! ”.
0.698353	0.27534	0.808473	0.434961	anger	joy	Za piękną Greczynką, która jechała znużona do kąpieli, gryząc w ustach zwiędły kwiatek, biegli konno na desultorskich rumakach, młodzi synowie rycerzy, upojeni wonią, winem i śpiewami, śpiesząc do Ganeów pompejańskich, na miłosne schadzki z ulubienicami...
0.698353	0.27534	0.808473	0.434961	anger	anger	Oto sprzykrzyły mi się twoje posądzenia, nie w smak i to, że na mnie ustawnie brwi marszczysz i surowie spoglądasz...
0.698353	0.27534	0.808473	0.434961	anger	neutral	— Opisuję ci pusty kraj w Północnej Ameryce, nazywany Parkiem Narodowym.
0.698353	0.27534	0.808472	0.434961	anger	joy	Monte Christo uśmiechnął się.
0.698353	0.27534	0.808473	0.434961	anger	surprise	Teraz ledwo–ledwo rozumiem, że się to ze mną zdarzyło.
0.698353	0.27534	0.808473	0.434961	anger	joy	Wszyscy uniesieni szczytnym krajobrazem byli niezdolni sformułować tych wrażeń, jakich doznawali.
0.698353	0.27534	0.808473	0.434961	anger	anger	Ty napchana jesteś trocinami — i może ci z tym dobrze.
0.698353	0.27534	0.808472	0.434961	anger	anger	— Nigdy!
0.698353	0.27534	0.808473	0.434961	anger	joy	W minutę później ciocia Gabriela była już zdrowa.
0.698353	0.27534	0.808472	0.434961	anger	neutral	Na wieżach Panny Marii biły dzwony, napełniając miasto spiżowym dźwiękiem i płosząc stada kawek i gołębi.
0.698353	0.27534	0.808473	0.434961	anger	anger	Tu nie o łowach myśleć trzeba!
0.698353	0.27534	0.808473	0.434961	anger	anger	— Nie zapomniałam cię, drapichruście!
0.698353	0.27534	0.808473	0.434961	anger	surprise	Z kolei Plersch, słuchając, niemal osłupiał.
0.698353	0.27534	0.808472	0.434961	anger	joy	Jaka mama będzie szczęśliwa, żeśmy się spotkali! ” Było mi równie pilno dowiedzieć się jej nazwiska, jak jej ujrzeć że się kłaniam wreszcie ze świadomością rzeczy i że jej uśmiech, wytrzymywany bez końca niby nuta gis, może się wreszcie skończyć.
0.698353	0.27534	0.808473	0.434961	anger	joy	Rozweseliły mnie nieco dawno znane, rzęsiście oświetlone magazyny i sklepy i z lżejszym już sercem wysiadałem przy Gray’s Inn.
0.698353	0.27534	0.808472	0.434961	anger	anticipation	— Jeszcze, jeszcze trochę!
0.698353	0.27534	0.808472	0.434961	anger	anger	Głupi człowiecze! głupi!
0.698353	0.27534	0.808473	0.434961	anger	anticipation	Masz pan dla mnie może trochę złota za moje talary?
0.698353	0.27534	0.808472	0.434961	anger	anger	Czy tego nie widzisz?
0.698353	0.27534	0.808472	0.434961	anger	surprise	Wówczas pojął, że go oszukano.
0.698353	0.27534	0.808473	0.434961	anger	anger	— Powiadam paniczkom, Sodoma, Gomora, a jakże!
0.698353	0.27534	0.808473	0.434961	anger	disgust	Twarz jego i broda były bladożółte, a ręce i odzienie zawalane bezecnym plugastwem.
0.698353	0.27534	0.808472	0.434961	anger	disgust	Prawdziwe paskudztwo.
0.698353	0.27534	0.808472	0.434961	anger	anger	— No bo co?.. zbijesz mnie, wyrzucisz na śmieci, nie dasz jeść?..
0.698353	0.27534	0.808473	0.434961	anger	surprise	— Cóż takiego? co? na Boga! podnosząc się z siedzenia odezwała się wylękła Dobkowa.
0.698353	0.27534	0.808473	0.434961	anger	surprise	To dziwne, przecież minął już tydzień.
0.698353	0.27534	0.808472	0.434961	anger	joy	Z dumą spoglądać nań mogła młoda pani.
0.698353	0.27534	0.808472	0.434961	anger	surprise	— Co?
0.698353	0.27534	0.808473	0.434961	anger	joy	Delikatny wietrzyk hasał po pokoju.
0.698353	0.27534	0.808472	0.434961	anger	surprise	Mój Boże.
0.698353	0.27534	0.808472	0.434961	anger	trust	Serce jego szerokie.
0.698353	0.27534	0.808473	0.434961	anger	neutral	Wtedy też do izby wsunęła się Franka i, jak widmo cicha, przesunąwszy się pod ścianą, w kącie na ziemi usiadła.
0.698353	0.27534	0.808473	0.434961	anger	trust	Ten dobry ojciec Morlon miał wielki wpływ na moją inteligencję; miał Szekspira w przekładzie pana Letourneur; bratanek jego pożyczał dla mnie kolejno wszystkie tomy tego dzieła, obszernego jak dla dziecka, osiemnaście czy dwadzieścia tomów.
0.698353	0.27534	0.808472	0.434961	anger	disgust	— Ee... ja by go nie tak zrobił...
0.698353	0.27534	0.808472	0.434961	anger	trust	To jest szczera prawda.
0.698353	0.27534	0.808472	0.434961	anger	anger	— O co ci tedy chodzi?
0.698353	0.27534	0.808473	0.434961	anger	surprise	Lecz ona porwała się z krzesła.
0.698353	0.27534	0.808472	0.434961	anger	sadness	Na fotelu, pod którym zaskrzypiała podłoga, siedziała margrabina Crescenzi, której oczy napełnione łzami spotkały się wprost z oczami Fabrycego, również w nielepszym stanie.
0.698353	0.27534	0.808472	0.434961	anger	joy	— zawołał Tomek uradowany i pomyślał z niejakim zadowoleniem:
0.698353	0.27534	0.808473	0.434961	anger	anticipation	Naprawdę, wielką bym miał ochotę ubrać Formińskiego w kos­tium Iksa, a dla redaktora Panoramy Tygodnia.
0.698353	0.27534	0.808473	0.434961	anger	disgust	To wstyd!
0.698353	0.27534	0.808472	0.434961	anger	sadness	Dwaj przepadli bez śladu...
0.698353	0.27534	0.808473	0.434961	anger	trust	Bóg mu to dał, bo zasłużył; złota była to dusza, wszystkich dobrych ludzi kochał serdecznie, a twarz to miał taką, jak aniołek.
0.698353	0.27534	0.808472	0.434961	anger	anticipation	Cyrus Smith i jego towarzysze stali na szczycie góry przez blisko godzinę.
0.698353	0.27534	0.808473	0.434961	anger	anger	Zacisnęła ręce.
0.698353	0.27534	0.808472	0.434961	anger	joy	Rozbawiona Łucja śmiała się bez przymusu.
0.698353	0.27534	0.808473	0.434961	anger	trust	Nie sprzeciwiała się.
0.698353	0.27534	0.808473	0.434961	anger	anticipation	Przeciera oczy, poprawia włosy — zaraz do okna.
0.698353	0.27534	0.808472	0.434961	anger	fear	Był mężczyzną, a czuł się bezsilnym w obec losu.
0.698353	0.27534	0.808473	0.434961	anger	neutral	— odrzekli Kosma i Damian.
0.698353	0.27534	0.808473	0.434961	anger	trust	Który chcesz — bierz.
0.698353	0.27534	0.808472	0.434961	anger	neutral	Jeden zaprząg na samym końcu orszaku całkiem był nie przysypany.
0.698353	0.27534	0.808472	0.434961	anger	surprise	— Znowu waha się pan?
0.698353	0.27534	0.808473	0.434961	anger	anticipation	Lecz zanim je opowiem, chciałabym wiedzieć, czy w istocie między nami znajduje się najwspanialszy rycerz Don Kichot z Manchy i najznakomitszy jego giermek, Sancho Pansa?
0.698353	0.27534	0.808472	0.434961	anger	trust	Dżek wybrał drogę najwłaściwszą.
0.698353	0.27534	0.808473	0.434961	anger	anticipation	Może zapalisz cygaro?
0.698353	0.27534	0.808473	0.434961	anger	anticipation	Jakże rozkosznie byłoby usłyszeć wyznanie jego prawdziwych uczuć!
0.698353	0.27534	0.808473	0.434961	anger	anger	— Krew cię ujdzie!
0.698353	0.27534	0.808473	0.434961	anger	joy	— To, to, mój oficerze!
0.698353	0.27534	0.808473	0.434961	anger	anger	Nie każdy ma czarnych niewolników, książęce galerie, broń damasceńską, konie po sześć tysięcy franków, grecką kochankę!
0.698353	0.27534	0.808472	0.434961	anger	trust	— To jest wielki przyjaciel Andrzeja i prawie nasz domownik.
0.698353	0.27534	0.808472	0.434961	anger	trust	Od razu i niezłomnie uwierzyła w miłą sobie wiadomość, przyjęła ją nawet bez zdziwienia, jak coś, czego spodziewała się zawsze i co koniecznie stać się musiało.
0.698353	0.27534	0.808473	0.434961	anger	surprise	Przecież bardzo długo mnie nie widziała.
0.698353	0.27534	0.808472	0.434961	anger	surprise	— Dziwi się pani?
0.698353	0.27534	0.808472	0.434961	anger	sadness	Dwa dni zimno trzęsie, kości bolą, że jęczysz, w głowie szumi, a kaszel, zdaje się, piersi rozrywa.
0.698353	0.27534	0.808472	0.434961	anger	surprise	— A ty tu znowu, Brühl?
0.698353	0.27534	0.808472	0.434961	anger	surprise	Młodzieniec stał zadumany u drzwi, gdy poczuł że go ktoś zlekka za suknię pociąga i odwróciwszy się ujrzał O. Maura, który z chóru go zobaczywszy, przybył powitać.
0.698353	0.27534	0.808473	0.434961	anger	neutral	— rzekła.
0.698353	0.27534	0.808472	0.434961	anger	anticipation	— A zwleczesz się?
0.698353	0.27534	0.808473	0.434961	anger	neutral	De Polewkarum usu et honestate łykandi per Silvestrem Prieratem, Jacobinum.
0.698353	0.27534	0.808473	0.434961	anger	trust	— Bógże ci zapłać, bo mi będzie starość lżejsza.
0.698353	0.27534	0.808473	0.434961	anger	surprise	Kapitanowie, którzy wysiedli później na ląd, opowiadali o dziwacznej wyprawie nieznajomych i wypytywali, kim są ci dwaj antypatyczni wariaci, rozbijający się w szalupie za jakimś mężczyzną i jakąś kobietą i rozpowiadający historię, z której nic nie można było wyrozumieć.
0.698353	0.27534	0.808472	0.434961	anger	joy	W pobliskim kościele klasztornym podziwiał na obrazach i relikwiarzach owe przecudne skamieniałe światła i pragnął bardzo w duszy, by doń przemówiły i wyznały mu tajnię swego pochodzenia.
0.698353	0.27534	0.808473	0.434961	anger	fear	Następnie były tam i wizyty mniej przyjemne, rozeszła się bowiem wieść kilkakrotnie, że chciano kardynała zamordować.
0.698353	0.27534	0.808473	0.434961	anger	anticipation	— Dlaczego?
0.698353	0.27534	0.808473	0.434961	anger	sadness	Szedłem w owe straszliwe upały szukać cienia i trochę chłodu pod wielkimi kasztanami w Tuileriach. „ Skoro nie mogę zapomnieć, czy nie lepiej byłoby zabić się? ” — powiadałem sobie.
0.698353	0.27534	0.808472	0.434961	anger	neutral	Do obiadu siadało osiemnaście osób, a w razie potrzeby i dwadzieścia mogłoby się pomieścić w sali jadalnej; ale z rana tylko siedmiu stałych mieszkańców schodziło się na śniadanie i wtedy można by pomyśleć, że to kółko rodzinne zasiada przy stole.
0.698353	0.27534	0.808473	0.434961	anger	sadness	O je! jak boli!
0.698353	0.27534	0.808473	0.434961	anger	neutral	Przed każdą stała miseczka z jarzynami, czarka z wodą, a obok leżała kromka chleba.
0.698353	0.27534	0.808473	0.434961	anger	sadness	I wyrzekłszy się Marji, czuł taki żal, taką rozpacz po niej, że wracał jeszcze, mówił znowu — kocham Marję.
0.698353	0.27534	0.808473	0.434961	anger	anger	Jać wam służę... a chcecie zbyć mnie psim swędem... niedoczekanie!
0.698354	0.275341	0.808473	0.434962	anger	trust	— W domu ci je pokażę, kobieto — odpowie Sancho — trochę cierpliwości miej teraz, a za Bożą pomocą mam nadzieję, że ruszymy jeszcze raz na wyprawę i jak wrócę, zobaczysz mnie hrabią albo władcą wyspy, ale to wyspy co się nazywa, wyspy porządnej, lądowej, nie takiej tam, co to tuzinami po morzu się walają.
0.698353	0.27534	0.808473	0.434961	anger	joy	Przed jakimś Teniersem przywdziewał kaftan żołnierski lub siermięgę robotnika; pragnął nosić brudną i zadymioną czapkę Flamandów, zapijał się piwem, grał z nimi w karty i uśmiechał się do tęgiej wieśniaczki o soczystych kształtach.
0.698353	0.27534	0.808472	0.434961	anger	anticipation	Przez cały obiad prawie się nie odzywał, tylko z chciwością chwytał ich spojrzenia i słowa, śledził uśmiechy, słuchał ze skupieniem, ale nie mógł złapać nic podejrzanego, bo w ich zachowaniu się była tylko wielka przyjacielska zażyłość, pełna szacunku i życzliwości.
0.698353	0.27534	0.808473	0.434961	anger	surprise	— Doprawdy?
0.698353	0.27534	0.808473	0.434961	anger	sadness	Stał nad rynsztokiem i zalewał się łzami, bo jakieś auto ochlapało go błotem.
0.698353	0.27534	0.808473	0.434961	anger	neutral	Potem wędrowcy musieli piąć się stromą percią, zawianą śniegiem, biegnącą po upłazie Snipy, a dopiero poza tym rozpoczynała się jaka taka droga.
0.698353	0.27534	0.808473	0.434961	anger	anger	Więc jest źle!
0.698353	0.27534	0.808472	0.434961	anger	neutral	Przyjeżdżał do niego w odwiedziny każdego lata.
0.698353	0.27534	0.808473	0.434961	anger	surprise	— Kto to?...
0.698353	0.27534	0.808472	0.434961	anger	anticipation	— pytał dalej Kmicic.
0.698353	0.27534	0.808473	0.434961	anger	neutral	Grzegorz podszedł do króla.
0.698353	0.27534	0.808473	0.434961	anger	surprise	A ten malec czego się tu plącze?
0.698353	0.27534	0.808473	0.434961	anger	trust	— Przyjedź znowu do nas niezadługo, Jakubie — rzekł leśniczy, ściskając mu serdecznie rękę — do nas, mówię, to znaczy i do mnie także.
0.698353	0.27534	0.808473	0.434961	anger	surprise	„ Do licha, czyżbym ją obraził?...
0.698353	0.27534	0.808473	0.434961	anger	surprise	— Cóż ja robię?...
0.698353	0.27534	0.808472	0.434961	anger	disgust	Szczególną antypatią, nienawiścią, odrazą, wzgardą i drwinami Lulek darzył miejscową organizację socjalistyczną z odcieniem narodowym.
0.698353	0.27534	0.808473	0.434961	anger	joy	Nie zapomnę nigdy wrażenia pierwszej pod gołym niebem spędzonej nocy.
0.698353	0.27534	0.808473	0.434961	anger	surprise	— Na Boga!
0.698353	0.27534	0.808472	0.434961	anger	joy	Uśmiechnął się i dodał:
0.698353	0.27534	0.808473	0.434961	anger	anticipation	Co on ci mówił?
0.698353	0.27534	0.808473	0.434961	anger	sadness	Było to posępne i tragiczne, i prawdziwe!
0.698353	0.27534	0.808473	0.434961	anger	neutral	Na zasłonie była wyhaftowana złotem skrzydlata kula z dwoma wężami.
0.698353	0.27534	0.808472	0.434961	anger	neutral	Takich jest miliony.
0.698353	0.27534	0.808473	0.434961	anger	surprise	— Powinno się okazać polepszenie; co by to była za chorość?
0.698353	0.27534	0.808473	0.434961	anger	neutral	Bardzo charakterystyczne, na wskroś typowe.
0.698353	0.27534	0.808472	0.434961	anger	sadness	Szkoda, że mojej żony niema...
0.698353	0.27534	0.808473	0.434961	anger	anger	— Tylko buntownicy nie spełnią rozkazów faraona — odparł Ramzes.
0.698353	0.27534	0.808472	0.434961	anger	joy	— Dzięki Bogu.
0.698353	0.27534	0.808472	0.434961	anger	anger	— I obu was się nie zlęknę! zaryczał Arnulf zrywając się z ławy.
0.698353	0.27534	0.808472	0.434961	anger	sadness	Nieszczęśliwi mają pewne prawa... a ja, panie szanowny, jestem bardzo nieszczęśliwa.
0.698353	0.27534	0.808473	0.434961	anger	joy	I ją poniesły radoście, że pobiegła naprzeciw i prawie pierwsza chłopów dopadła, a nikto do niej nie wyskoczył, nikto nie przytulił i nie całował.
0.698353	0.27534	0.808473	0.434961	anger	surprise	Wszedł jako czwarty dependent do Derville’a, a był już drugim dependentem w 1819!
0.698353	0.27534	0.808473	0.434961	anger	joy	Na trzecim piętrze zapukał do drzwi, przez które dolatywał wesoły śmiech i krzyki dzieci.
0.698353	0.27534	0.808473	0.434961	anger	disgust	Mędrzec dążący do władzy winien snobizm ( w języku polskim kołtunizm, czyli kołtuństwo ) uczynić najistotniejszą częścią swego „ programu ”, dać kołtuństwu możność rozkwitu, nazwać kołtun najpiękniejszymi naukowymi nazwami i popierać go entuzjastycznie.
0.698353	0.27534	0.808472	0.434961	anger	joy	— zawołał ten ostatni, pozwalając ocałowywać sobie policzki — twoja wieczerza, mój bracie, jest pyszną rzeczą na dzisiejszą zawieruchę!
0.698353	0.27534	0.808473	0.434961	anger	surprise	— Więc to wszystko prawda — wyrzekła.
0.698353	0.27534	0.808472	0.434961	anger	anger	— Czy mi nawet tego robić nie wolno!
0.698353	0.27534	0.808473	0.434961	anger	sadness	Porozstawiane naczynia od herbaty i ciastka, dalej owa maszynka — wszystko zaczęło drobiazgami okrutnymi ranić jej serce.
0.698353	0.27534	0.808473	0.434961	anger	surprise	A cóż się z nią stało?
0.698353	0.27534	0.808472	0.434961	anger	surprise	Zdaje mi się, że oczy jéj w mgnieniu oka kilka razy zmieniły kolor: były i piwne, i ciemno-zielone, i czarne jak węgiel.
0.698353	0.27534	0.808473	0.434961	anger	sadness	Jakkolwiek stłumione, płacz i jęki musiały znać dojść do uszu matki, która od drugiego pokoju drzwi uchyliła, naprzód powoli, a potem rzuciwszy niemi, nie patrząc na króla, do córki przypadła, tuląc ją ku sobie.
0.698353	0.27534	0.808473	0.434961	anger	surprise	Jeszcze ci nie dosyć?
0.698353	0.27534	0.808473	0.434961	anger	surprise	— Borynowy to dom, Macieja Boryny?
0.698353	0.27534	0.808472	0.434961	anger	trust	Niech was Bóg prowadzi i odprowadza.
0.698353	0.27534	0.808472	0.434961	anger	anger	— Wytłumacz to wyborcom!
0.698353	0.27534	0.808472	0.434961	anger	trust	— Bądź pani spokojna — rzecze Don Kichot — nie powiem nic już więcej i nie wmieszam się do niczego, dopóki nie dopełnię swojej obietnicy.
0.698353	0.27534	0.808472	0.434961	anger	joy	— Niech żyje Carlini!
0.698353	0.27534	0.808472	0.434961	anger	surprise	— Co znaczy za kim?
0.698353	0.27534	0.808473	0.434961	anger	disgust	Hoyma oburzała i treść jéj słów, a nadewszystko zimna krew, obojętność z jaką je wymawiała.
0.698353	0.27534	0.808472	0.434961	anger	surprise	A o ilu ja rzeczach nie myślałem przed chwilą i o ilu nie myślę?
0.698353	0.27534	0.808472	0.434961	anger	sadness	Zdało mi się, że nie mam co robić między nimi, biedny prostak, i już nawet nie patrząc na nich, chcę ich minąć i iść dalej w las, kiedy słyszę, jak jeden z nich woła:
0.698353	0.27534	0.808473	0.434961	anger	neutral	Przede wszystkim zrobiłem sobie stożkowate nakrycie głowy z długowłosej skóry lamy, nie przepuszczającej deszczu.
0.698353	0.27534	0.808473	0.434961	anger	neutral	Gospoda na gościńcu pod lasem stała w miejscu kędy przejazd był znaczny do Poznania.
0.698353	0.27534	0.808472	0.434961	anger	disgust	Brwi zrośnięte nad nosem oszpeconym ospą.
0.698353	0.27534	0.808472	0.434961	anger	joy	Komendant roześmiał się.
0.698353	0.27534	0.808473	0.434961	anger	neutral	— spytał.
0.698353	0.27534	0.808473	0.434961	anger	surprise	Nagle wśród chwilowej ciszy zza drzwi gabinetu doleciał podniesiony głos Dyzmy:
0.698353	0.27534	0.808473	0.434961	anger	trust	Dyzma przyznał pułkownikowi rację.
0.698353	0.27534	0.808473	0.434961	anger	surprise	Przy samej bramie Agnieszka spostrzegła, że zostawiła u doktora koszyczek od roboty.
0.698353	0.27534	0.808472	0.434961	anger	neutral	Szczur zarzucił lejce na grzbiet konia, związał je i ujął szkapę przy pysku.
0.698353	0.27534	0.808473	0.434961	anger	sadness	— Straciłem tam syna...
0.698353	0.27534	0.808472	0.434961	anger	joy	Rad był z wyjazdu Kmicica.
0.698353	0.27534	0.808473	0.434961	anger	neutral	Takich generałów miała Austria bardzo wielu.
0.698353	0.27534	0.808472	0.434961	anger	anger	Mów!
0.698353	0.27534	0.808472	0.434961	anger	surprise	— Nie skarżę się na was, broń Boże!
0.698353	0.27534	0.808472	0.434961	anger	surprise	Dla niego było to coś niepojętego, co go więcej dziwiło niż nęciło — studyum teratologiczne.
0.698353	0.27534	0.808473	0.434961	anger	joy	Ho, ho, idźże do Poświcia, i szczęść ci, Boże!
0.698353	0.27534	0.808472	0.434961	anger	neutral	„ Kopernik ”.
0.698353	0.27534	0.808473	0.434961	anger	neutral	— myślał Winicjusz.
0.698353	0.27534	0.808473	0.434961	anger	surprise	Instynktowi życia samego już nieufny?
0.698353	0.27534	0.808472	0.434961	anger	joy	Pomimo całej biedy, jaka nawiedziła dżunglę, zwierzęta — nie wyłączając Hathiego — nie mogły powstrzymać się od rzęsistego śmiechu, posłyszawszy te słowa.
0.698353	0.27534	0.808473	0.434961	anger	surprise	— Za co mieliby nas upominać?
0.698353	0.27534	0.808473	0.434961	anger	neutral	Na nogach ciżemki żółte.
0.698353	0.27534	0.808472	0.434961	anger	anger	— Ty głupi jesteś!
0.698353	0.27534	0.808472	0.434961	anger	neutral	—
0.698353	0.27534	0.808472	0.434961	anger	neutral	Własne to twoje oblicze na chropowatym i niedoskonałym zwierciadle.
0.698353	0.27534	0.808472	0.434961	anger	neutral	﻿Pewnej nocy, patrolując po mieście, schwytałem młodą panienkę nadzwyczaj piękną, przebraną za chłopca i jej brata, przebranego za dziewczynę.
MCosD: 0.9333704881163661
MAE: 1.4135260255302418
RMSE: 1.463688647648323
PREC: 0.12846347607052896
RECALL: 0.12846347607052896
FSCORE: 0.12846347607052896
ACC: 0.12846347607052896
