-0.354502	-1.3714	-0.265054	-1.12933	surprise	sadness	Przygnębiony ciężarem sumienia, zawstydzony wzrok wlepił w ziemię.
-0.321086	-1.45064	-0.116468	-1.31546	surprise	surprise	— Ale, ale!...
-0.342296	-1.36635	-0.187783	-1.18934	surprise	sadness	Od wieków tak bardzo odosobieni, samotni, nie żyjąc z nikim, rodziną się tylko własną i sami sobą otaczając starczyli sobie, ani z sąsiadami, ani z tymi do których wypadki ich zbliżały nie zawiązując ściślejszych stosunków.
-0.322782	-1.31932	-0.0665589	-1.13891	surprise	surprise	Nie wspomniał nic o warunkach, pod jakimi ochotnicy zgodzili się na tę naukę.
-0.0986088	-1.3987	-0.074128	-1.09197	surprise	anticipation	Zapatrzyła się w rękę.
-0.377709	-1.60342	-0.316387	-1.34068	surprise	anticipation	Słucham was, panie von Bergow.
-0.291334	-1.47852	-0.231754	-1.2106	surprise	anticipation	— Nie zaraz odbędzie się tyle przeze mnie upragniona uroczystość.
-0.249759	-1.41854	-0.0887433	-1.19635	surprise	anger	— Ach, gdyby wiedzieli — mówił z gniewem władca — jak faraon jest bezsilny i ubogi, każdy nomarcha zechciałby być panem swego nomesu!...
-0.496945	-1.23317	-0.178037	-1.19474	surprise	sadness	Śmiech jej krył wzruszenie, które mi sprawiło ból.
-0.330871	-1.50615	-0.31262	-1.27795	surprise	trust	— Będę się wpatrywał w plamy atramentowe... będę wiernie pilnował klejnotów!
-0.641231	-1.50451	-0.383789	-1.18757	surprise	fear	— Kto pan jesteś? czego tu chcesz?...
-0.425724	-1.38416	-0.489444	-1.11166	surprise	fear	— Bój się Boga, Senderl!
-0.483503	-1.48997	-0.0774454	-0.952294	surprise	anticipation	— Ależ chcę wiedzieć...
-0.242302	-1.5593	-0.218389	-1.31283	surprise	anticipation	Padre Torquemada stał przy oknie zamyślony, na koniec odwrócił się i podszedł do stołu.
-0.304407	-1.4297	-0.225047	-1.16282	surprise	trust	Zrozumiałaś mnie.
-0.521811	-1.50403	0.0582516	-1.29198	surprise	anticipation	— Marku, a Drakecity?
-0.516889	-1.27472	-0.258562	-0.920159	surprise	neutral	Byłto młody chłopak z jasnemi włosy, skromnie, ale czysto odziany, wyglądający na leśniczego lub pisarza, z torbą myśliwską na plecach, w czarnych, długich po kolana butach, z harapnikiem przez plecy, w wiejskim kapeluszu słomianym na głowie.
-0.339267	-1.36778	-0.230608	-1.31484	surprise	surprise	Mówcie, którzy stąd jesteście: prawda-li to?
-0.370428	-1.45425	-0.340615	-1.20569	surprise	anticipation	Co?
-0.357175	-1.43404	-0.266214	-1.45211	disgust	anticipation	To pewnie i gazety pisze?
-0.223824	-1.43655	-0.2971	-1.19947	surprise	sadness	Innym znów razem, w dzień chłodny płukać musiała wraz z praczkami bieliznę nad brzegiem jeziora.
-0.244568	-1.38003	-0.327833	-1.19541	surprise	anger	Tyś go zabił — podchwycił sędzia.
-0.325795	-1.49621	-0.0577335	-0.998851	surprise	anticipation	— zapytała.
-0.555979	-1.45431	-0.101283	-1.13552	surprise	anger	— mruknął stary ze złością i, nie skończywszy obiadu, wyszedł, a Janka była w takiem usposobieniu, że aby mu zrobić więcej przykrości, kazała koniom czekać przed dworem całe dwie godziny, i z pewną przyjemnością widziała, że stary kilka razy wyglądał z oficyny na podjazd, klął głośno na marnowanie czasu i na jaśnie państwo, i, nie mogąc wkońcu wytrzymać, krzyknął na stangreta:
-0.335996	-1.32643	0.0862907	-1.47297	disgust	disgust	Wolałby jednak pozostać w domu i czytać tę książkę, niżeli iść na wieczór do baronowej, gdzie nie znajdzie najpewniej nic nowego, ani szczególnie przyjemnego.
-0.43796	-1.31862	0.0641245	-1.25175	surprise	sadness	Nadeszła chwila, że tłumione łkanie wstrząsnęło te rycerskie piersi.
-0.47879	-1.5444	-0.326594	-1.27621	surprise	fear	Oto szczepienie będzie spóźnione, oto profesor będzie umierał w najstraszliwszych, w najdzikszych męczarniach.
-0.197449	-1.49367	-0.273044	-1.18675	surprise	joy	Nie znam w istocie szczęśliwszego małżeństwa.
-0.402693	-1.46366	-0.328072	-1.11321	surprise	joy	Oswald w jego wieku znał się nawet na zegarze słonecznym.
-0.327556	-1.63575	-0.270185	-1.0466	surprise	sadness	Mąż zabity, syn uległ wypadkowi, córka pod ziemią, może już martwa, a w dodatku chory starzec, dziecko okaleczałe skutkiem wypadku i wreszcie córka zmarła z głodu podczas strajku.
-0.27315	-1.32011	-0.132717	-1.09552	surprise	anticipation	Dowiedź tego!
-0.370149	-1.36889	-0.367389	-1.14511	surprise	sadness	Wyrwał ze złoconych ram portret matki i zwinął go; w złotych ramach pozostała czarna pustka.
-0.280251	-1.5082	-0.128016	-1.13267	surprise	anticipation	Kanclerz państwa i inni dopraszali się, aby Władysław niezwłócząc udał się do Szegedynu, gdzie posłowie tureccy przybyć mieli.
-0.441859	-1.35261	-0.16446	-0.958301	surprise	anger	— Słuchaj — rzekł zniecierpliwiony tem do Fotofera, przybyłego w odwiedziny jednego poranku, jak to może być żebym ja się dał temu Włochowi pokonać i odszedł z niczem.
-0.424242	-1.44344	-0.111682	-1.01656	surprise	surprise	Pierwszy raz to we wsi czy co!
-0.139655	-1.54861	-0.131817	-1.30842	surprise	disgust	Ciało: to szatan, to złość, to niedoskonałość, zgnilizna i robactwo; duch jedyną prawdą.
-0.487958	-1.56219	0.0217075	-1.1658	surprise	surprise	— Przysięgam, że tego po tobie się nie spodziewałem.
-0.339424	-1.43121	-0.0449439	-1.13373	surprise	sadness	Tak nad niemi pochyloną z boku schwyciła pantera, drasnęła ją ledwie, i piękna jej główka jak zwiędły kwiat pochyliła się blada, prawie bez śmiertelnego wysiłku...
-0.27115	-1.42643	-0.510135	-1.23663	surprise	anger	Nie!
-0.565996	-1.47245	-0.166895	-1.14055	surprise	surprise	— Aa?!...
-0.29943	-1.20284	-0.368061	-1.20382	disgust	neutral	Historja wahającego się oblubieńca i zerwanego małżeństwa może temu odpowiadać, jak recenzja rozsądnego dziennikarza może dać treść sztuki Ibsena.
-0.583015	-1.31902	-0.20939	-1.22411	surprise	anticipation	— Czy powiedział coś?
-0.425084	-1.3843	-0.28639	-1.11122	surprise	anger	Z przyjemnością rzuciłabym mu wprost w twarz, że Halszka go nienawidzi.
-0.368051	-1.53731	-0.00526589	-0.965885	surprise	anger	— Idź do diabła!
-0.140283	-1.3092	-0.357698	-1.17357	surprise	sadness	Znów siedział w milczeniu, strasznie tęsknym wzrokiem patrząc w dal, jakby szukając tej zmarnowanej okazji odznaczenia się; rozwarte nozdrza zdawały się chwytać upajającą woń tej zmarnowanej sposobności.
-0.507759	-1.42294	-0.335442	-1.3704	surprise	neutral	— Już go raz słyszałem.
-0.532765	-1.68588	-0.103369	-1.2706	surprise	neutral	Mnie zaraz powiedziała, jako było.
-0.313745	-1.51041	-0.155846	-1.34717	surprise	neutral	Po nabożeństwie odbyło się zebranie rady kościelnej.
-0.244249	-1.54165	-0.415082	-1.10247	surprise	joy	— ozwał się Kim, parskając śmiechem, a oczy mu się zaświeciły.
-0.312024	-1.41391	-0.363652	-1.21343	surprise	fear	Na miły Bóg, bądź ostrożna!
-0.442456	-1.31785	-0.232195	-1.05215	surprise	sadness	I sam ten człowiek, gdyby nawet był wolny, nie byłby zdolny do poważnego przywiązania, gdy ona — czuła to dobrze — potrafiłaby w życiu kochać tylko raz.
-0.17169	-1.52544	-0.198822	-1.42237	surprise	neutral	— Nie wiem, panie dyrektorze.
-0.406855	-1.53651	-0.346884	-1.33056	surprise	anticipation	— Gotów nieboszczyk?...
-0.316596	-1.20406	-0.296572	-0.957301	surprise	anger	Puść mnie, wolnym chcę być!
-0.389944	-1.39865	-0.270963	-1.15219	surprise	sadness	— Bóg widzi, że moja hardość została za bramą tutejszą.
-0.303736	-1.31569	-0.0827866	-1.1673	surprise	anticipation	Weźcie mnie z sobą.
-0.427742	-1.44915	-0.12117	-1.31	surprise	sadness	Lampka żółtym cieniem spowija izbę suteryny, jej ubogie sprzęty i znużone świętem twarze mieszkańców.
-0.295481	-1.39895	-0.20715	-1.22705	surprise	fear	A kiedy wyszła z pierwszego osłupienia, gdy jeden rok i drugi minął głucho, czuła niepokój w głębi piersi, jakby trzepotanie źle związanych skrzydeł.
-0.400441	-1.35786	-0.305068	-1.21847	surprise	anger	— Och, daj spokój!
-0.251197	-1.67171	-0.315661	-1.17844	surprise	neutral	— panem dziedzicem Nawłoci z przyległościami.
-0.480893	-1.38627	-0.0735862	-1.25177	surprise	sadness	—... Odszedłeś od nas — wołały płaczki — nie ma cię, panie... osierociłeś nas biednych...
-0.49677	-1.61972	-0.0624245	-1.1121	surprise	joy	Anna ocknęła się, wzruszona serdecznością Franciszka.
-0.422323	-1.39409	-0.0475321	-1.14549	surprise	joy	Mason aż pozieleniał z radości.
-0.37054	-1.54482	-0.27112	-1.09888	surprise	anticipation	— Domyślałam się — powiedziała — że na coś się zanosi, chociaż Sämund nic mi nie powiedział.
-0.342593	-1.11153	-0.0123596	-1.14722	disgust	trust	Gdybym miał ciebie tego dnia, licytowałbym wyżej i utrzymałbym się przy kupnie.
-0.377914	-1.38077	-0.0575808	-1.13872	surprise	surprise	— Nie wiedziałem, że się interesujesz zoologią.
-0.474511	-1.55959	-0.23448	-1.15531	surprise	neutral	Pojadę do Szczytna.
-0.242412	-1.38494	-0.321905	-1.09045	surprise	neutral	Bernard obojętnie podniósł ramiona.
-0.32233	-1.24037	0.052595	-0.96732	surprise	trust	— Co komu Pan Bóg przeznaczył, to go i tak nie minie — odparł Litwin.
-0.333989	-1.47823	0.214254	-1.07448	surprise	sadness	Teraz dopiero z setek i tysięcy szczegółów układałem w sobie obraz zmarłej, ów obraz, który mi wszędzie towarzyszy.
-0.250133	-1.38218	-0.304309	-1.02161	surprise	fear	I przerażona czuje, że serce jej tłuc się zaczyna jak ptak w klatce.
-0.534063	-1.28184	-0.0283943	-0.996586	surprise	surprise	— Skąd tak idziesz?
-0.342831	-1.70016	-0.207278	-0.993802	surprise	trust	Bogu polecam moje dzieci!
-0.479251	-1.33702	-0.240868	-1.03908	surprise	sadness	Może życie niczego więcej nie warte!
-0.467178	-1.4315	-0.21265	-0.929331	surprise	surprise	— A nie chceszli wyspowiadać się przed drogą?
-0.370849	-1.42748	-0.281309	-1.48222	disgust	joy	I widząc, że ciotka naprawdę nie wie, co znaczy piszczyk, aby mieć przyjemność okazania, że jest w równym stopniu wykształcona jak purystka, i aby zadrwić z ciotki, zadrwiwszy poprzednio z pani de Cambremer, rzekła na wpół ze śmiechem, powściąganym przez resztki udanego złego humoru:
-0.396012	-1.43113	-0.226332	-1.08223	surprise	disgust	Lekkie szyderstwo brzmiało w jego głosie.
-0.347154	-1.4839	-0.110853	-1.31325	surprise	anger	Niechże się ów komtur przekona, że nie twoja zapalczywość, ale nasze prawa karzą śmiercią za porwanie się na osobę posła.
-0.217013	-1.46578	-0.235255	-1.074	surprise	surprise	Czy to miał być protest?
-0.376882	-1.31951	-0.235016	-1.37627	disgust	anticipation	Staś przyszedł do pokoju zawiadowcy i czekał, bo Orłowski chodził wzdłuż pokoju, spoglądał w dwa okna peronu, to przez okienko kasowe, wychodzące na korytarz, wychylał głowę i nasłuchiwał.
-0.405011	-1.47648	-0.0550888	-1.19188	surprise	anger	— Utaił by się przed innemi, nie przedemną!
-0.331156	-1.51934	-0.261021	-1.10051	surprise	sadness	Bito nas nie patrząc gdzie.
-0.492305	-1.49133	-0.293119	-1.2191	surprise	joy	— Ach, dobrze, żem se spomniał!
-0.469324	-1.36504	-0.11604	-1.05801	surprise	anger	— Po cóż ja ciebie urodziiiłam!...
-0.38007	-1.31177	-0.161262	-0.944662	surprise	surprise	Nie?
-0.325129	-1.51758	-0.250465	-1.29506	surprise	anticipation	— Więc zrobi pani, o co prosiłem?...
-0.415116	-1.40262	-0.331702	-1.24696	surprise	surprise	— spytał Harvey, nie mogąc jeszcze sobie uprzytomnić, że jego życie było najzupełniej bezpieczne.
-0.251898	-1.3037	-0.248193	-1.35403	disgust	surprise	— Ale jak ty zrozumiesz tę ich mowę?
-0.172463	-1.45596	-0.15874	-0.931398	surprise	anticipation	— Cóż będziesz robił po obiedzie?
-0.394017	-1.10866	-0.34463	-1.19283	disgust	disgust	Dał Maciuś dzieciom prawa i patrzcie, co zrobiły.
-0.359088	-1.59458	-0.143274	-1.09691	surprise	fear	A wtem na krańcach, gdzie niebo zdawało się stykać z ziemią i rozciągały się mgły sinawe, w tych mgłach właśnie zamajaczało coś i poczęło się poruszać, wypełzały jakieś kształty, z początku mętne, które zwierając się stopniowo, stawały się coraz wyraźniejsze.
-0.411115	-1.32369	-0.00703345	-1.24568	surprise	neutral	— wołał Pantera.
-0.512916	-1.40896	-0.1983	-1.17724	surprise	joy	Nareszcie otwarły się drzwiczki do numeru Płazy-Spławskiego, nareszcie światło...
-0.490653	-1.39556	-0.268467	-1.10757	surprise	neutral	W Dobromilu, na etapie w kancelarii, zapisywano wszystkich jeńców jednego po drugim, co odbywało się nie bez trudu, ponieważ wśród wszystkich trzystu jeńców, spędzonych do Dobromila z różnych stron, nie było ani jednego, który rozumiałby mowę rosyjską sierżanta siedzącego za stołem i pełniącego obowiązki tłumacza we Wschodniej Galicji, bo twierdził o sobie, że język rosyjski zna.
-0.304051	-1.39791	-0.161268	-0.919026	surprise	surprise	— Zwaryowałeś?
-0.352962	-1.35354	-0.336376	-0.995554	surprise	anticipation	Dołożycie starań, aby wcisnąć się do rozmównicy jakiegoś klasztoru; ploteczki tych pustelnic nie będą dla nas bez pożytku.
-0.470207	-1.39187	-0.229722	-1.22135	surprise	surprise	— Jak to?
-0.295215	-1.34864	-0.256219	-1.03207	surprise	surprise	Rózia postrzegła tylko mundur i przelękła się, sądząc że w mieszkaniu Juljana robić będą rewizyą, ale w chwili gdy ta myśl po jéj główce przebiegła, poznała w zbliżającym się kniazia z bukietem w ręku i pudełkiem cukierków.
-0.416687	-1.39842	-0.189334	-1.40749	disgust	neutral	Tak rozmawiając, zbliżyli się do Krakowa.
-0.320974	-1.43306	-0.445688	-1.10106	surprise	surprise	Czy kto uwierzy, iż są takie domy?
-0.203044	-1.45998	-0.244422	-1.34215	surprise	surprise	Jest pełna!
-0.516358	-1.49399	-0.235403	-1.19803	surprise	anticipation	Rozkazał pracować i ochraniać od złego ile w mej mocy i oddać temu tylko, kto, oprócz urzędowej legitymacyi, przyniesie mi znak umówiony z przyjacielem.
-0.390421	-1.52927	-0.119288	-1.09612	surprise	anticipation	Podróżny podjechał bliżej, a na orszak skinął, dając znak, żeby na niego zaczekał.
-0.3103	-1.2089	-0.294397	-0.989739	surprise	disgust	Słowo Niemca to fałsz...
-0.223137	-1.2862	-0.266751	-1.13918	surprise	surprise	— A to, synku, zapomniałeś, że ci przybył jeszcze jeden obowiązek?
-0.231687	-1.36269	-0.2391	-1.19455	surprise	fear	Ale gdy tak mówiła, drwiące jej oczy lśniły tak żywo, że książę nie mógł ich znieść; spojrzał na sufit, co było u niego ostatecznym znakiem krańcowego zakłopotania.
-0.453157	-1.30415	-0.124731	-1.14725	surprise	anticipation	Wielki, choć z całej siły tłumiony gwałt pożądania był w tych prośbach...
-0.271646	-1.45648	-0.0898977	-1.17078	surprise	surprise	Czyż pan nie wie, że przynajmniej raz na miesiąc Jagoda podaje się do dymisji.
-0.297541	-1.55096	-0.0376504	-1.19635	surprise	disgust	— Wcale nie samotnych.
-0.286656	-1.40272	-0.261646	-1.12561	surprise	joy	— Mój ojcze!
-0.403453	-1.44503	-0.428258	-1.16342	surprise	sadness	Wokulski czuł, że ten mrok, żal i smutek wypływał z jego serca i że to wszystko zakończy się chyba z życiem, jeżeli się zakończy...
-0.635376	-1.66025	-0.211789	-1.25548	surprise	trust	Komu jest dobrze, temu się widzi, że wszystko się dzieje na świecie, jak przynależy, jak Pan Bóg przykazał!
-0.319451	-1.59584	0.00899491	-1.17139	surprise	surprise	W pierwszej chwili sądziłem, że to intryga miłosna.
-0.379018	-1.33349	-0.343306	-1.21236	surprise	anticipation	— spytałem go, kiedyśmy wyszli na ganek, — nie mając już siły powstrzymać tych słów, co od godziny prawie paliły mi wargi.
-0.217735	-1.2783	-0.295318	-1.02383	surprise	anticipation	— Jutro, lub dziś nawet.
-0.410401	-1.36888	-0.170507	-1.20276	surprise	fear	A jak okaże się, że komitet zbyt pośpiesznie wydał rozkaz egzekucji?
-0.549755	-1.33834	-0.329387	-1.17339	surprise	disgust	— Potworny jest — rzekła.
-0.308595	-1.35696	-0.223255	-1.11127	surprise	disgust	Doprawdy, nadto jest pewny siebie.
-0.494182	-1.61541	-0.150495	-1.19707	surprise	sadness	Na mnie spada cała ich złość dlatego, że ja was bronię z narażeniem moich dóbr w Neapolitańskiem, siebie...
-0.305445	-1.31479	-0.313917	-1.19074	surprise	anticipation	Postrzegłszy to, pan Michał pociągnął wszystkich ze sobą do bramy, aby się wjeżdżającym przypatrywać.
-0.467136	-1.69799	-0.216959	-1.31927	surprise	trust	No, a cmentarz! widzicie, że mi nic nie zaszkodził, to i wam przy mnie nicby się nie stało...
-0.503376	-1.55454	-0.28603	-1.14573	surprise	disgust	Jeszcze tak nie jest, ale on z dniem każdym jest tłuściejszy.
-0.380419	-1.32641	-0.131691	-1.14259	surprise	anger	Chce podobać się Solskiemu, a bałamuci innych!
-0.314529	-1.39823	-0.222824	-1.23211	surprise	joy	Jaka ta Laura szczęśliwa ze swoim wiecznym spokojem!
-0.399542	-1.40835	-0.185329	-1.27654	surprise	anticipation	Przez ustalenie jego tożsamości można będzie wykryć, z kim oskarżony miał do czynienia, a także będzie można poznać jego współwinnych.
-0.232367	-1.36218	-0.177577	-1.08782	surprise	sadness	Chybaż on się powiesi — ów Bohun — ale już jemu czarownica przepowiadała, że on tej, o której myśli, nigdy nie dostanie i że Lach ją posiędzie, a ten Lach to pewnie jegomość.
-0.354736	-1.6731	-0.0414714	-1.29381	surprise	joy	Za każdym razem, kiedy chodziłem się odlać za te lipy na końcu ogrodu, dusza moja czuła się odświeżona widokiem tych przyjaciół.
-0.451842	-1.35676	-0.400433	-1.02917	surprise	neutral	Rejentka lekko skinęła głową i rzekła do Ajdara:
-0.397798	-1.48609	-0.0697992	-1.05989	surprise	neutral	A wtedy ojciec mój powtórzył:
-0.340506	-1.49517	-0.118235	-1.38626	surprise	fear	Suknia, kapelusz, okrywka i parasolka, wszystko musi być nowe, a tu tak niewiele czasu i nie tylko nic nie zamówione, ale nawet nie wybrane!...
-0.383077	-1.26627	-0.0964314	-1.10214	surprise	anticipation	— Wiesz, dziecko, że ojciec sam chce mówić z panem...
-0.583988	-1.61966	-0.17009	-1.20966	surprise	anticipation	— Staram się wejść w położenie tego przemysłowca.
-0.209883	-1.46951	-0.140259	-1.18119	surprise	trust	Godzę się z losem.
-0.383582	-1.33185	-0.173913	-1.24079	surprise	anticipation	Gdyby ów młody człowiek zjawił się za naszych szczęśliwych dni, gdyby przyniósł Brygidzie jakiś obojętny list, czyż byłbym nań zwrócił jaką bądź uwagę?
-0.32615	-1.31999	-0.319837	-1.3043	surprise	joy	W tej chwili pani Flora przystąpiła do nich, śmiejąc się na całe swoje puszyste gardziołko.
-0.360329	-1.53864	-0.237584	-1.31209	surprise	anticipation	Uklękła i pociągnęła go, aby uczynił to samo.
-0.230628	-1.41018	-0.329369	-1.10418	surprise	neutral	Zawiadowca, skoro tylko mu tamten zniknął z oczu powrócił do kancelaryi i zajął się załatwianiem urzędowych korespondencyi.
-0.495443	-1.37235	-0.202347	-1.13521	surprise	surprise	Aż się biali królowie sami przestraszyli, że za dużo zabiją.
-0.356861	-1.50014	-0.298715	-1.21333	surprise	anticipation	Ależ on tu nie próżnuje, więc jeszcze idzie naprzód.
-0.364632	-1.46	-0.211933	-1.24324	surprise	joy	Zdumiony tym niezwykłym objawem uczucia, spojrzał na nią namiętnie; przy śniadaniu wydała mu się bardzo ładna; mimo że miał spuszczone oczy, cały czas rozbierał w myśli jej wdzięki.
-0.408868	-1.33155	0.0310169	-1.13677	surprise	neutral	Podeszła do Morela.
-0.420076	-1.47018	-0.148218	-1.26412	surprise	joy	— Ot, tu jest na to lekarstwo!
-0.142983	-1.38568	-0.25514	-1.19031	surprise	sadness	Petrek głowę spuścił, nie mówił nic.
-0.523883	-1.4519	-0.220267	-1.01166	surprise	anticipation	— Halo, dziewczynko!
-0.475019	-1.53062	-0.219906	-1.13847	surprise	sadness	W izbach, przez które przechodzili, cisza panowała i smutny mrok wieczora je zalegał.
-0.516408	-1.39771	-0.102439	-1.25468	surprise	anticipation	— Panu Braunowi kazałam, by zaraz mi wszystko donosił.
-0.478385	-1.5845	-0.253569	-1.16418	surprise	fear	Strasznie chciało mu się jechać, ale zlazł jak niepyszny i ponieważ mrok już zapadał, poszedł za ogrody odmówić wieczorne pacierze, ale mógł się to zebrać w sobie, kiedy jakaś dzieuszyna piesneczka dzwoniła gdzieś niedaleko i baby rajcowały w jakimś sadzie, że każde słowo leciało po rosie, i wrzeszczały dzieci kąpiące się w stawie, kajś znów śmiechy się zatrzęsły, to ryki krów, to księże perliczki darły się przenikliwie i cała wieś huczała przeróżnymi pogłosami niby ten ul rozbrzęczany, że cięgiem mu się myliło, a gdy nareszcie uchwycił wątek i przyklęknąwszy pod żytem wtopił rozmodlone oczy w to niebo rozgwiażdżone i poniósł duszę kajś w zaświaty, buchnęły od wsi takie przeraźliwe krzyki, lamenta i przeklinania, że poleciał ku domowi wystraszony wielce i niespokojny.
-0.22153	-1.45068	-0.150464	-1.20893	surprise	anger	— zawoła Don Kichot — tu nie czas na żarty, na wszystko jest właściwa pora; teraz nie pora na żarty.
-0.160714	-1.42171	-0.257436	-1.23084	surprise	disgust	Bodajeś nigdy matką nie była!
-0.464484	-1.44028	-0.213204	-0.992476	surprise	anger	Wziął na stronę przyjaciela, i rzekł mu: — Pani Ru ma złe serce!
-0.345849	-1.34876	-0.386007	-0.952848	surprise	anticipation	— Niech pan zaatakuje pierwszy południk.
-0.133667	-1.42559	-0.127199	-1.14261	surprise	fear	Nie mógł mnie przecie nikt zobaczyć w tych łachmanach.
-0.319364	-1.40561	-0.105391	-1.20608	surprise	joy	Mówiła to śpiewnie, z dziwnym upojeniem w głosie, który zdawał się wzbierać i drżeć, jakby chciał więcej powiedzieć, niż te proste słowa wyrażały.
-0.499224	-1.63354	-0.328527	-1.16859	surprise	joy	Cicho, sekretnie pochwalała tę rozpustę nocną, która nareszcie jej duszę uzdrowiła, wyzwoliła, oblała zimną rosą spokoju.
-0.38102	-1.43157	-0.0888465	-1.13787	surprise	anger	— A nie obłaskawię, bo i ten będzie jeszcze mój, niech się jeno ciepło zrobi, to już umyśliłem taki sposób na niego, że nie wytrzyma na plebanii, a przyleci!
-0.35901	-1.50444	-0.0912006	-1.11258	surprise	fear	Zasypywano pociskami zamek, zasypywano miasto, wszystkie bramy, wszystkie baszty.
-0.360682	-1.37206	-0.118099	-1.33022	surprise	anticipation	— dodał, ja z Neorżą moim powoli sobie radę dam.. jam nie wieczny, ani on...
-0.445565	-1.32278	-0.331374	-1.15791	surprise	fear	— Ja dawniej wiszę — szepnął cicho Andrzej, z jakimś ledwie odczutym akcentem bólu, i twarz mu pobladła, ale oczy natychmiast rozbłysły dawną energją wytrwania i uporu.
-0.419933	-1.36208	-0.242472	-1.05523	surprise	sadness	Ból jego serdeczny coraz bardziej ginął pod uczuciem wstydu, upokorzenia, zranionej miłości własnej.
-0.685364	-1.53333	-0.170032	-0.859855	surprise	sadness	Nie sposób było pisać ni jeść porządnie, słowem sto razy w ciągu dnia brakowało mi tych przedmiotów.
-0.171979	-1.41383	-0.0186545	-1.16854	surprise	disgust	— Wracajcie skądeście przyszli.
-0.417377	-1.30914	-0.273727	-0.998393	surprise	sadness	Nie miał nikogo, z kim mógłby, lub chciał podzielić się myślami.
-0.526671	-1.39234	-0.226841	-1.0921	surprise	sadness	Ale zapomniałam o biednych w Sacca!
-0.762378	-1.30434	-0.35074	-1.28117	surprise	joy	O prześlicznie, panie O’Haro!
-0.292415	-1.45574	0.0692933	-1.20924	surprise	surprise	— O!
-0.516284	-1.45568	-0.350912	-1.33467	surprise	surprise	Nagle zadzwoniło, zawirowało.
-0.315156	-1.18379	-0.222514	-1.11923	surprise	surprise	Nie powiadano ci jeszcze?
-0.334594	-1.28469	-0.00393157	-0.996862	surprise	fear	Grzmoty zgłuszyły strzelaninę i zataczając się kołem, dudniąc, hucząc, budziły straszne echo w skałach.
-0.370176	-1.54792	-0.165966	-1.00422	surprise	neutral	Toteż wkrótce w wyznaczonym miejscu stanęła walcowata budka, jakby pieprzniczka, nakryta szpiczastym dachem.
-0.206826	-1.62238	-0.211276	-1.14608	surprise	fear	— bełkotał przestraszony, bo Antek puścił kosę i szedł ku niemu blady, ze strasznymi oczami.
-0.36291	-1.55007	-0.26093	-1.43073	surprise	trust	— W jego ręku teraz zbawienie ojczyzny, a że gotów za nią życie oddać, niech mu Bóg błogosławi.
-0.247487	-1.18771	-0.0782514	-0.953993	surprise	joy	Radość i zapał błysły w oczach Edmunda i złotnik się oddalił, pozostawiając swego młodego przyjaciela w najrozkoszniejszych oczekiwaniach.
-0.170112	-1.18507	-0.174004	-1.19409	disgust	sadness	Przekazywali sobie osobliwe wieści o pogrzebie wielkiego chana.
-0.33243	-1.49005	-0.0575906	-1.23995	surprise	surprise	Ze zdumieniem spostrzegła, że służba zapala nad stołami lampy ze światłem skoncentrowanym.
-0.171175	-1.45228	-0.055214	-1.24741	surprise	joy	— Jesteś dobry i wielki, mój panie — rzekła Hayde, całując dłoń hrabiego — jestem szczęśliwa, że należę do ciebie.
-0.724153	-1.59352	-0.337331	-1.12682	surprise	sadness	— Istny potop — szepnął po chwili, a opierając czoło o szybę, dodał — Ciemno choć oko wykol.
-0.227002	-1.18957	-0.109867	-1.0122	surprise	sadness	Dlatego gdy tamte szczęśliwe... ja umieram z upokorzenia, z tęsknoty, ze wstydu.
-0.340649	-1.44774	-0.262878	-1.12069	surprise	joy	Winszuję panu, panie Murek.
-0.455683	-1.2956	-0.261819	-1.19266	surprise	surprise	Nigdy jeszcze nie widziałam człowieka w takim stanie.
-0.425604	-1.57871	-0.129675	-1.24764	surprise	neutral	Jedno na pierwszym piętrze za sto franków dziennie, drugie na trzecim za dziesięć franków.
-0.281264	-1.50743	-0.335329	-1.46705	surprise	anger	— Od chwili gdy zostałeś panem Egiptu, zbrodniarzami są ci, którzy ośmielają się widywać ciebie i nie zdawać sprawy z tego, o czym raczysz mówić...
-0.433042	-1.52198	-0.12675	-1.14238	surprise	neutral	Sadownik Zajmweł odwiózł do domu zmiętą czerwoną pościel i ostatni wózek zimowych jabłek.
-0.291441	-1.3802	-0.262486	-1.19968	surprise	neutral	Otworzyłem „ Le Figaro ”.
-0.37407	-1.53292	-0.234322	-1.33223	surprise	anticipation	Wyczekawszy jeszcze chwilę, puknął leciuchno w ten sam sposób.
-0.487781	-1.38743	-0.130883	-1.08952	surprise	joy	Dziewczynka też, którą Jan naparł się wziąć od matki, mileńka była, wesoleńka i zawczasu już porządek w chacie robić zaczęła, a i bratowa, choć płocha i w romansach niepowściągniona, dzieci swoje często nawiedzała i jego doglądała, wesołą swoją gadatliwością babską śmiesząc czasem i rozrywając.
-0.297695	-1.53678	-0.0872874	-1.2054	surprise	neutral	— pytał karczmarza Zagłoba.
-0.441505	-1.54041	-0.12815	-1.28327	surprise	anger	— Ośle głupi!
-0.284848	-1.44505	0.00225537	-1.35196	surprise	anticipation	— Chciałbym, aby byli przy tym Albert de Morcerf i Raul de Château-Renaud; wiesz pan, że prosiłem ich już na świadków.
-0.218503	-1.30406	-0.194517	-1.22875	surprise	surprise	Gdy Otocki podjechał na Smolną do „ Sygnałów ”, okazało się, że partyjne zebranie jeszcze się nie skończyło.
-0.349973	-1.30332	-0.113041	-1.26634	surprise	anger	— Wykup!
-0.392375	-1.51082	-0.17602	-1.39507	surprise	surprise	Gedymin zwrócił wę nagle ku niemu.
-0.306787	-1.5334	-0.16089	-1.24005	surprise	joy	Młody książę przybywał bardzo wcześnie na miłe wieczory matki, która powtarzała mu ciągle:
-0.468676	-1.66265	-0.183637	-1.17872	surprise	joy	Mimika, gesty, w połączeniu z częstymi zmianami głosu, jakimi Bixiou malował swoje figury, musiały być doskonałe, bo trzej słuchacze wydawali bezwiednie krzyki uznania oraz pomruki radości.
-0.407306	-1.47115	-0.102162	-1.41855	surprise	anger	Nie gadajcie tyle, mówie, za dużo tej gadaniny: dobra kosa dla łąki, dobra bedzie i dla żyta.
-0.406181	-1.51208	-0.504932	-1.24914	surprise	trust	— Zostań pani!... sprawi mi to prawdziwą ulgę pomówić z osobą, obcą jeszcze temu światu kłamstwa i pustoty!
-0.356326	-1.32484	-0.252485	-1.30058	surprise	anger	Ale chyba nie byłbym Rynaldem Montalban, żebym mu tego wszystkiego, mimo jego czarów, drogo nie zapłacił, jak tylko z łoża się zdźwignę.
-0.272426	-1.2527	0.0112625	-1.2584	disgust	trust	Widzisz, że wszystko tak urządziłam, żeby twój portret nie był skończony i żebyś mógł przyjechać do Przytułowa.
-0.321952	-1.28549	-0.230615	-0.989304	surprise	trust	Tak w niej znać było, że ona oddaje mu się z biciem serca, ale zarazem z ufnością, że oddaje mu serce, duszę i całą istotę, całe życie, i to nietylko na dobre, ale na każde chwile życia — i aż do końca życia, że pod tym względem żaden cień nie powstał w umyśle Połanieckiego, a ta pewność uczyniła go w tej chwili lepszym, tkliwszym i wymowniejszym, niż bywał zwykle.
-0.279159	-1.37511	-0.254119	-1.17977	surprise	anger	— Do stu diabłów, są inne środki okazywania miłości, niż Homer.
-0.377818	-1.52056	-0.274614	-1.34413	surprise	surprise	— Oho!
-0.402229	-1.41609	-0.432929	-1.26998	surprise	anticipation	Jednego dnia siostrzenice pani de Montcertin pytały ją, co to jest miłość.
-0.350818	-1.34719	-0.0397798	-1.09467	surprise	sadness	Ogólnie wiedziano, że w młodości przeżyła dramat, bo jej narzeczony zginął na froncie w 1920 roku i od tego czasu ani na dzień jeden nie zdjęła po nim żałoby.
-0.328189	-1.34116	-0.253079	-1.05913	surprise	anticipation	Spodziewałam się, że go dostaniemy.
-0.30944	-1.44882	-0.0844705	-1.16011	surprise	disgust	Pożyczać u ludzi?
-0.298498	-1.62071	-0.103482	-1.15647	surprise	surprise	— spytał niespodzianie.
-0.217744	-1.3633	-0.184373	-1.04453	surprise	disgust	— Nieruchome spojrzenie Ricarda zbiło go z tropu i dodał zmieszanym tonem: — Mówię, że to pospolity, marny złodziej bez żadnego znaczenia.
-0.252209	-1.34519	-0.0993729	-1.13105	surprise	fear	Ale jeżeli mimo wszystko nie zdołam zajść do Niego?
-0.231198	-1.51837	-0.306347	-1.09796	surprise	joy	Szwentas ściskał go i całował.
-0.627652	-1.15314	-0.312268	-1.05191	surprise	anger	— Nie.
-0.341741	-1.54224	-0.238611	-1.31755	surprise	anger	Co znowu?
-0.377803	-1.31471	-0.152228	-1.29279	surprise	fear	— A jeśli pomyłką jest to wszystko?
-0.511459	-1.4351	-0.205568	-0.939612	surprise	anger	— Na to się mu podcina skrzydła!
-0.211037	-1.40245	-0.24858	-1.36602	surprise	anger	Ale nie mogąc się ognać zbereźnikom, które jako te wróble obsiadały sztachety, a śmielsze nawet już pod okna się przebierały, to jeno przygrażał księżym cybuchem a wyklinał.
-0.205594	-1.43086	-0.0318624	-1.09764	surprise	anticipation	Niebo, które zatrzymało nas tutaj i zesłało niepogodę umyślnie po to, abyś pan usłyszał historię moich amorów, czegóż znów teraz sobie życzy? ”.
-0.373824	-1.51563	-0.37754	-1.17756	surprise	sadness	— Przychodzi do siebie — powiedziałem — ale bardzo osłabiony.
-0.2048	-1.74175	-0.223854	-1.35983	surprise	joy	Spotkali się oczami.
-0.387269	-1.56972	-0.179457	-1.22923	surprise	joy	Nie przeszkodziło to jednak przyjaciołom utrzymywać dalsze serdeczne stosunki.
-0.467646	-1.59258	-0.152494	-1.19571	surprise	surprise	Ja, znając pułkownika, byłam również pewna, że nie zainteresuje go bliżej ta kwestia.
-0.493837	-1.61631	-0.174713	-1.06185	surprise	joy	— Nawrócony!... nawrócony faraon!...
-0.235995	-1.48131	-0.24938	-0.995158	surprise	fear	Emil czuł, że się dusi.
-0.475209	-1.52671	-0.278635	-1.37641	surprise	surprise	Nie wiedzieć dlaczego, to, co innym wydawało się pochlebne i zaszczytne, ją drażniło i obrażało.
-0.499167	-1.42911	-0.164458	-1.26037	surprise	joy	A jakie z niej porządne i uczciwe dziewczynisko!
-0.253869	-1.56438	-0.0787328	-1.2298	surprise	surprise	Z trudem mu go wydarliśmy, a gdy ujrzał go w naszych rękach, był zdumiony.
-0.478684	-1.4611	-0.114752	-1.23494	surprise	sadness	Ona chciałaby pozostać przy swojej mamie, ale jakże to uczynić, jeżeli mama tego nie chce?...
-0.452317	-1.24579	-0.371117	-0.988724	surprise	anticipation	— Czekać wystrzału.
-0.379343	-1.58532	-0.0274978	-1.15816	surprise	fear	Pełno krwi na was...
-0.436483	-1.44555	-0.145085	-1.35791	surprise	anger	Miłosierny Bóg niechaj uczyni to, aby wrogowie nasi utonęli we własnej krwi z ran, które wy im zadacie! ”
-0.290302	-1.41328	-0.108158	-1.2023	surprise	anger	Nie zawojujecie tych ziem!
-0.421828	-1.45635	-0.104243	-1.24415	surprise	surprise	— Kto taki?
-0.303489	-1.42767	-0.239119	-1.24241	surprise	anticipation	— A tyś co robił, jak go nie było?
-0.448468	-1.2537	-0.20913	-1.03736	surprise	anger	Beetle, bierz go!
-0.127342	-1.47068	-0.224133	-1.16466	surprise	surprise	— Czy nigdy się nie modliłaś w życiu?
-0.418946	-1.31356	-0.377386	-1.04045	surprise	surprise	— Procą?
-0.250216	-1.56222	-0.0794888	-1.13098	surprise	surprise	— Ależ nie miałeś strzelby z sobą?
-0.329951	-1.50611	-0.415998	-1.38467	surprise	disgust	— Nie przystoi to mojej czci szlacheckiej.
-0.163714	-1.41882	-0.154292	-1.14181	surprise	joy	Pochwal się, że jesteś.
-0.142772	-1.34578	-0.244783	-1.12873	surprise	anger	Nienawidzę tego okrutnego rygoru i żelaznej logiki tych ludzi, którzy pojedyncze osoby czynią odpowiedzialnymi za losy narodów! ”
-0.196171	-1.47019	-0.226878	-1.13281	surprise	joy	— dokończył powstrzymując śmiech knecht.
-0.312835	-1.36638	-0.159223	-1.20212	surprise	joy	A oni krzyczą: „ Niech żyje ulica, niech żyje Pupek! ”.
-0.322975	-1.26031	-0.0490518	-1.08097	surprise	joy	Za piękną Greczynką, która jechała znużona do kąpieli, gryząc w ustach zwiędły kwiatek, biegli konno na desultorskich rumakach, młodzi synowie rycerzy, upojeni wonią, winem i śpiewami, śpiesząc do Ganeów pompejańskich, na miłosne schadzki z ulubienicami...
-0.366242	-1.65432	-0.0879312	-1.02908	surprise	anger	Oto sprzykrzyły mi się twoje posądzenia, nie w smak i to, że na mnie ustawnie brwi marszczysz i surowie spoglądasz...
-0.489097	-1.46712	-0.116292	-0.977851	surprise	neutral	— Opisuję ci pusty kraj w Północnej Ameryce, nazywany Parkiem Narodowym.
-0.214224	-1.30194	-0.253948	-1.01706	surprise	joy	Monte Christo uśmiechnął się.
-0.236393	-1.19127	-0.426988	-1.31724	disgust	surprise	Teraz ledwo–ledwo rozumiem, że się to ze mną zdarzyło.
-0.421987	-1.36738	-0.223597	-1.1068	surprise	joy	Wszyscy uniesieni szczytnym krajobrazem byli niezdolni sformułować tych wrażeń, jakich doznawali.
-0.446885	-1.39405	0.121429	-1.30572	surprise	anger	Ty napchana jesteś trocinami — i może ci z tym dobrze.
-0.348677	-1.46375	-0.278743	-1.61351	disgust	anger	— Nigdy!
-0.557805	-1.40621	-0.438295	-1.17963	surprise	joy	W minutę później ciocia Gabriela była już zdrowa.
-0.407441	-1.71591	-0.0888487	-1.25257	surprise	neutral	Na wieżach Panny Marii biły dzwony, napełniając miasto spiżowym dźwiękiem i płosząc stada kawek i gołębi.
-0.29971	-1.60463	-0.424301	-1.1763	surprise	anger	Tu nie o łowach myśleć trzeba!
-0.35298	-1.48862	-0.297307	-0.919695	surprise	anger	— Nie zapomniałam cię, drapichruście!
-0.351096	-1.39774	-0.163845	-1.20592	surprise	surprise	Z kolei Plersch, słuchając, niemal osłupiał.
-0.250015	-1.35917	-0.317163	-1.06981	surprise	joy	Jaka mama będzie szczęśliwa, żeśmy się spotkali! ” Było mi równie pilno dowiedzieć się jej nazwiska, jak jej ujrzeć że się kłaniam wreszcie ze świadomością rzeczy i że jej uśmiech, wytrzymywany bez końca niby nuta gis, może się wreszcie skończyć.
-0.454172	-1.27359	-0.244054	-1.11047	surprise	joy	Rozweseliły mnie nieco dawno znane, rzęsiście oświetlone magazyny i sklepy i z lżejszym już sercem wysiadałem przy Gray’s Inn.
-0.466488	-1.38339	-0.239692	-1.38895	disgust	anticipation	— Jeszcze, jeszcze trochę!
-0.328393	-1.50886	0.0611124	-1.11151	surprise	anger	Głupi człowiecze! głupi!
-0.293698	-1.34333	-0.185124	-1.3648	disgust	anticipation	Masz pan dla mnie może trochę złota za moje talary?
-0.0989854	-1.26538	-0.172918	-1.26642	disgust	anger	Czy tego nie widzisz?
-0.431172	-1.45165	-0.203718	-1.07763	surprise	surprise	Wówczas pojął, że go oszukano.
-0.343758	-1.41989	-0.161316	-1.17946	surprise	anger	— Powiadam paniczkom, Sodoma, Gomora, a jakże!
-0.314465	-1.64573	-0.203486	-1.24627	surprise	disgust	Twarz jego i broda były bladożółte, a ręce i odzienie zawalane bezecnym plugastwem.
-0.26007	-1.68289	-0.273075	-1.0736	surprise	disgust	Prawdziwe paskudztwo.
-0.14818	-1.26996	-0.487276	-1.21454	surprise	anger	— No bo co?.. zbijesz mnie, wyrzucisz na śmieci, nie dasz jeść?..
-0.273228	-1.21595	-0.0442706	-1.13931	surprise	surprise	— Cóż takiego? co? na Boga! podnosząc się z siedzenia odezwała się wylękła Dobkowa.
-0.107859	-1.20365	-0.120802	-1.10387	surprise	surprise	To dziwne, przecież minął już tydzień.
-0.396777	-1.14311	-0.425661	-1.02552	surprise	joy	Z dumą spoglądać nań mogła młoda pani.
-0.286212	-1.48809	-0.187077	-1.11647	surprise	surprise	— Co?
-0.23097	-1.46927	-0.0631944	-1.01551	surprise	joy	Delikatny wietrzyk hasał po pokoju.
-0.403845	-1.5076	-0.174987	-1.3043	surprise	surprise	Mój Boże.
-0.270982	-1.37017	-0.277522	-1.19027	surprise	trust	Serce jego szerokie.
-0.448082	-1.5818	-0.136517	-1.17716	surprise	neutral	Wtedy też do izby wsunęła się Franka i, jak widmo cicha, przesunąwszy się pod ścianą, w kącie na ziemi usiadła.
-0.211779	-1.42648	-0.353131	-1.01565	surprise	trust	Ten dobry ojciec Morlon miał wielki wpływ na moją inteligencję; miał Szekspira w przekładzie pana Letourneur; bratanek jego pożyczał dla mnie kolejno wszystkie tomy tego dzieła, obszernego jak dla dziecka, osiemnaście czy dwadzieścia tomów.
-0.168488	-1.53226	-0.255055	-1.1108	surprise	disgust	— Ee... ja by go nie tak zrobił...
-0.277348	-1.49964	-0.253358	-1.21868	surprise	trust	To jest szczera prawda.
-0.286891	-1.38942	-0.181317	-1.23148	surprise	anger	— O co ci tedy chodzi?
-0.427618	-1.55596	-0.187904	-1.12778	surprise	surprise	Lecz ona porwała się z krzesła.
-0.340712	-1.16058	-0.207906	-1.20952	disgust	sadness	Na fotelu, pod którym zaskrzypiała podłoga, siedziała margrabina Crescenzi, której oczy napełnione łzami spotkały się wprost z oczami Fabrycego, również w nielepszym stanie.
-0.352828	-1.37509	-0.153496	-1.11202	surprise	joy	— zawołał Tomek uradowany i pomyślał z niejakim zadowoleniem:
-0.0988133	-1.39185	0.106738	-1.00952	surprise	anticipation	Naprawdę, wielką bym miał ochotę ubrać Formińskiego w kos­tium Iksa, a dla redaktora Panoramy Tygodnia.
-0.422133	-1.47668	-0.355208	-0.965209	surprise	disgust	To wstyd!
-0.575397	-1.37029	-0.418808	-1.25656	surprise	sadness	Dwaj przepadli bez śladu...
-0.303641	-1.37189	-0.0667792	-1.18364	surprise	trust	Bóg mu to dał, bo zasłużył; złota była to dusza, wszystkich dobrych ludzi kochał serdecznie, a twarz to miał taką, jak aniołek.
-0.313069	-1.50227	-0.269587	-1.00789	surprise	anticipation	Cyrus Smith i jego towarzysze stali na szczycie góry przez blisko godzinę.
-0.379902	-1.49731	-0.138261	-1.13501	surprise	anger	Zacisnęła ręce.
-0.378388	-1.45266	-0.194319	-1.33927	surprise	joy	Rozbawiona Łucja śmiała się bez przymusu.
-0.267646	-1.42783	-0.368445	-1.35612	surprise	trust	Nie sprzeciwiała się.
-0.427073	-1.4574	-0.25804	-1.2484	surprise	anticipation	Przeciera oczy, poprawia włosy — zaraz do okna.
-0.520241	-1.53957	-0.255574	-1.15023	surprise	fear	Był mężczyzną, a czuł się bezsilnym w obec losu.
-0.29449	-1.47142	-0.0857176	-1.36262	surprise	neutral	— odrzekli Kosma i Damian.
-0.465159	-1.42056	-0.122643	-1.17023	surprise	trust	Który chcesz — bierz.
-0.325758	-1.53123	-0.171371	-1.28656	surprise	neutral	Jeden zaprząg na samym końcu orszaku całkiem był nie przysypany.
-0.166569	-1.38433	-0.240554	-1.04818	surprise	surprise	— Znowu waha się pan?
-0.404438	-1.475	-0.147334	-1.23958	surprise	anticipation	Lecz zanim je opowiem, chciałabym wiedzieć, czy w istocie między nami znajduje się najwspanialszy rycerz Don Kichot z Manchy i najznakomitszy jego giermek, Sancho Pansa?
-0.495719	-1.38912	-0.190471	-1.21747	surprise	trust	Dżek wybrał drogę najwłaściwszą.
-0.318024	-1.40564	-0.0111483	-1.21484	surprise	anticipation	Może zapalisz cygaro?
-0.364495	-1.48093	-0.306282	-1.19067	surprise	anticipation	Jakże rozkosznie byłoby usłyszeć wyznanie jego prawdziwych uczuć!
-0.37931	-1.43576	-0.0886042	-1.29585	surprise	anger	— Krew cię ujdzie!
-0.285644	-1.34481	-0.274251	-1.30001	surprise	joy	— To, to, mój oficerze!
-0.576267	-1.40145	-0.179295	-1.19477	surprise	anger	Nie każdy ma czarnych niewolników, książęce galerie, broń damasceńską, konie po sześć tysięcy franków, grecką kochankę!
-0.465857	-1.4898	-0.219746	-1.21566	surprise	trust	— To jest wielki przyjaciel Andrzeja i prawie nasz domownik.
-0.370569	-1.16243	-0.198619	-1.47042	disgust	trust	Od razu i niezłomnie uwierzyła w miłą sobie wiadomość, przyjęła ją nawet bez zdziwienia, jak coś, czego spodziewała się zawsze i co koniecznie stać się musiało.
-0.218514	-1.20078	-0.129876	-1.00454	surprise	surprise	Przecież bardzo długo mnie nie widziała.
-0.36203	-1.34885	-0.245142	-1.27286	surprise	surprise	— Dziwi się pani?
-0.37977	-1.74572	-0.119655	-1.14141	surprise	sadness	Dwa dni zimno trzęsie, kości bolą, że jęczysz, w głowie szumi, a kaszel, zdaje się, piersi rozrywa.
-0.417865	-1.48894	-0.219943	-1.17743	surprise	surprise	— A ty tu znowu, Brühl?
-0.590349	-1.33859	-0.22109	-1.0768	surprise	surprise	Młodzieniec stał zadumany u drzwi, gdy poczuł że go ktoś zlekka za suknię pociąga i odwróciwszy się ujrzał O. Maura, który z chóru go zobaczywszy, przybył powitać.
-0.482237	-1.44284	-0.17629	-1.35063	surprise	neutral	— rzekła.
-0.237766	-1.47475	-0.151761	-1.26956	surprise	anticipation	— A zwleczesz się?
-0.531919	-1.38445	-0.245052	-1.13068	surprise	neutral	De Polewkarum usu et honestate łykandi per Silvestrem Prieratem, Jacobinum.
-0.328752	-1.44926	-0.150811	-1.14776	surprise	trust	— Bógże ci zapłać, bo mi będzie starość lżejsza.
-0.262001	-1.57337	-0.0838412	-1.07217	surprise	surprise	Kapitanowie, którzy wysiedli później na ląd, opowiadali o dziwacznej wyprawie nieznajomych i wypytywali, kim są ci dwaj antypatyczni wariaci, rozbijający się w szalupie za jakimś mężczyzną i jakąś kobietą i rozpowiadający historię, z której nic nie można było wyrozumieć.
-0.431113	-1.49124	-0.341983	-1.27752	surprise	joy	W pobliskim kościele klasztornym podziwiał na obrazach i relikwiarzach owe przecudne skamieniałe światła i pragnął bardzo w duszy, by doń przemówiły i wyznały mu tajnię swego pochodzenia.
-0.398084	-1.52526	-0.238289	-1.29995	surprise	fear	Następnie były tam i wizyty mniej przyjemne, rozeszła się bowiem wieść kilkakrotnie, że chciano kardynała zamordować.
-0.310458	-1.58395	-0.241017	-1.1298	surprise	anticipation	— Dlaczego?
-0.2786	-1.48878	-0.386175	-1.31131	surprise	sadness	Szedłem w owe straszliwe upały szukać cienia i trochę chłodu pod wielkimi kasztanami w Tuileriach. „ Skoro nie mogę zapomnieć, czy nie lepiej byłoby zabić się? ” — powiadałem sobie.
-0.401579	-1.34155	-0.18951	-1.0318	surprise	neutral	Do obiadu siadało osiemnaście osób, a w razie potrzeby i dwadzieścia mogłoby się pomieścić w sali jadalnej; ale z rana tylko siedmiu stałych mieszkańców schodziło się na śniadanie i wtedy można by pomyśleć, że to kółko rodzinne zasiada przy stole.
-0.428114	-1.33379	-0.397559	-1.02258	surprise	sadness	O je! jak boli!
-0.328257	-1.49363	-0.224585	-1.31459	surprise	neutral	Przed każdą stała miseczka z jarzynami, czarka z wodą, a obok leżała kromka chleba.
-0.455711	-1.52599	-0.217302	-1.33603	surprise	sadness	I wyrzekłszy się Marji, czuł taki żal, taką rozpacz po niej, że wracał jeszcze, mówił znowu — kocham Marję.
-0.297833	-1.51518	-0.306631	-1.36238	surprise	anger	Jać wam służę... a chcecie zbyć mnie psim swędem... niedoczekanie!
-0.377263	-1.52242	-0.259486	-1.18988	surprise	trust	— W domu ci je pokażę, kobieto — odpowie Sancho — trochę cierpliwości miej teraz, a za Bożą pomocą mam nadzieję, że ruszymy jeszcze raz na wyprawę i jak wrócę, zobaczysz mnie hrabią albo władcą wyspy, ale to wyspy co się nazywa, wyspy porządnej, lądowej, nie takiej tam, co to tuzinami po morzu się walają.
-0.285547	-1.3816	-0.040242	-1.11974	surprise	joy	Przed jakimś Teniersem przywdziewał kaftan żołnierski lub siermięgę robotnika; pragnął nosić brudną i zadymioną czapkę Flamandów, zapijał się piwem, grał z nimi w karty i uśmiechał się do tęgiej wieśniaczki o soczystych kształtach.
-0.276389	-1.30458	-0.235368	-1.03921	surprise	anticipation	Przez cały obiad prawie się nie odzywał, tylko z chciwością chwytał ich spojrzenia i słowa, śledził uśmiechy, słuchał ze skupieniem, ale nie mógł złapać nic podejrzanego, bo w ich zachowaniu się była tylko wielka przyjacielska zażyłość, pełna szacunku i życzliwości.
-0.381932	-1.46004	-0.225726	-1.00264	surprise	surprise	— Doprawdy?
-0.399468	-1.67427	-0.226786	-1.07026	surprise	sadness	Stał nad rynsztokiem i zalewał się łzami, bo jakieś auto ochlapało go błotem.
-0.206014	-1.5139	-0.209522	-1.34368	surprise	neutral	Potem wędrowcy musieli piąć się stromą percią, zawianą śniegiem, biegnącą po upłazie Snipy, a dopiero poza tym rozpoczynała się jaka taka droga.
-0.306376	-1.40221	-0.0139275	-0.960384	surprise	anger	Więc jest źle!
-0.474412	-1.39759	-0.0413167	-1.39837	disgust	neutral	Przyjeżdżał do niego w odwiedziny każdego lata.
-0.318109	-1.54116	-0.283464	-1.31352	surprise	surprise	— Kto to?...
-0.24936	-1.43049	-0.122409	-1.05998	surprise	anticipation	— pytał dalej Kmicic.
-0.238069	-1.23871	-0.130053	-0.91179	surprise	neutral	Grzegorz podszedł do króla.
-0.399822	-1.34417	-0.159008	-1.3728	disgust	surprise	A ten malec czego się tu plącze?
-0.534088	-1.36083	-0.345453	-1.57044	disgust	trust	— Przyjedź znowu do nas niezadługo, Jakubie — rzekł leśniczy, ściskając mu serdecznie rękę — do nas, mówię, to znaczy i do mnie także.
-0.496162	-1.3553	-0.0582752	-1.07662	surprise	surprise	„ Do licha, czyżbym ją obraził?...
-0.465644	-1.48042	-0.153733	-1.04689	surprise	surprise	— Cóż ja robię?...
-0.384792	-1.34281	0.00646504	-1.33688	surprise	disgust	Szczególną antypatią, nienawiścią, odrazą, wzgardą i drwinami Lulek darzył miejscową organizację socjalistyczną z odcieniem narodowym.
-0.561015	-1.58341	-0.359762	-1.20494	surprise	joy	Nie zapomnę nigdy wrażenia pierwszej pod gołym niebem spędzonej nocy.
-0.262497	-1.37308	-0.251032	-0.954868	surprise	surprise	— Na Boga!
-0.357974	-1.39739	-0.433043	-1.1715	surprise	joy	Uśmiechnął się i dodał:
-0.420787	-1.45743	-0.158959	-1.27274	surprise	anticipation	Co on ci mówił?
-0.599162	-1.47787	-0.330523	-1.21202	surprise	sadness	Było to posępne i tragiczne, i prawdziwe!
-0.498655	-1.49543	-0.162417	-1.19701	surprise	neutral	Na zasłonie była wyhaftowana złotem skrzydlata kula z dwoma wężami.
-0.430533	-1.22921	-0.136267	-1.00059	surprise	neutral	Takich jest miliony.
-0.502369	-1.66844	-0.216744	-1.03322	surprise	surprise	— Powinno się okazać polepszenie; co by to była za chorość?
-0.391409	-1.41738	-0.165909	-1.12519	surprise	neutral	Bardzo charakterystyczne, na wskroś typowe.
-0.365307	-1.62639	-0.25066	-1.29616	surprise	sadness	Szkoda, że mojej żony niema...
-0.376464	-1.51147	-0.168271	-1.04515	surprise	anger	— Tylko buntownicy nie spełnią rozkazów faraona — odparł Ramzes.
-0.281167	-1.56569	-0.146145	-1.29271	surprise	joy	— Dzięki Bogu.
-0.31646	-1.39161	-0.256576	-1.24365	surprise	anger	— I obu was się nie zlęknę! zaryczał Arnulf zrywając się z ławy.
-0.541723	-1.27699	-0.249816	-1.07128	surprise	sadness	Nieszczęśliwi mają pewne prawa... a ja, panie szanowny, jestem bardzo nieszczęśliwa.
-0.43319	-1.46429	-0.353799	-1.18512	surprise	joy	I ją poniesły radoście, że pobiegła naprzeciw i prawie pierwsza chłopów dopadła, a nikto do niej nie wyskoczył, nikto nie przytulił i nie całował.
-0.48137	-1.49546	-0.337087	-1.39197	surprise	surprise	Wszedł jako czwarty dependent do Derville’a, a był już drugim dependentem w 1819!
-0.339648	-1.5767	-0.33652	-1.24009	surprise	joy	Na trzecim piętrze zapukał do drzwi, przez które dolatywał wesoły śmiech i krzyki dzieci.
-0.356753	-1.44111	-0.136159	-1.39152	surprise	disgust	Mędrzec dążący do władzy winien snobizm ( w języku polskim kołtunizm, czyli kołtuństwo ) uczynić najistotniejszą częścią swego „ programu ”, dać kołtuństwu możność rozkwitu, nazwać kołtun najpiękniejszymi naukowymi nazwami i popierać go entuzjastycznie.
-0.217295	-1.49492	-0.228859	-1.2753	surprise	joy	— zawołał ten ostatni, pozwalając ocałowywać sobie policzki — twoja wieczerza, mój bracie, jest pyszną rzeczą na dzisiejszą zawieruchę!
-0.273228	-1.38034	-0.174707	-1.10758	surprise	surprise	— Więc to wszystko prawda — wyrzekła.
-0.267445	-1.24395	-0.264078	-1.0264	surprise	anger	— Czy mi nawet tego robić nie wolno!
-0.318399	-1.47095	0.0340318	-1.30896	surprise	sadness	Porozstawiane naczynia od herbaty i ciastka, dalej owa maszynka — wszystko zaczęło drobiazgami okrutnymi ranić jej serce.
-0.614719	-1.60955	-0.153296	-1.17868	surprise	surprise	A cóż się z nią stało?
-0.373813	-1.27597	-0.209133	-1.06274	surprise	surprise	Zdaje mi się, że oczy jéj w mgnieniu oka kilka razy zmieniły kolor: były i piwne, i ciemno-zielone, i czarne jak węgiel.
-0.351281	-1.37946	-0.095434	-1.17864	surprise	sadness	Jakkolwiek stłumione, płacz i jęki musiały znać dojść do uszu matki, która od drugiego pokoju drzwi uchyliła, naprzód powoli, a potem rzuciwszy niemi, nie patrząc na króla, do córki przypadła, tuląc ją ku sobie.
-0.370354	-1.47771	-0.488202	-1.36294	surprise	surprise	Jeszcze ci nie dosyć?
-0.590708	-1.65919	-0.311973	-1.26088	surprise	surprise	— Borynowy to dom, Macieja Boryny?
-0.355648	-1.50874	-0.191081	-1.17811	surprise	trust	Niech was Bóg prowadzi i odprowadza.
-0.403088	-1.62251	-0.195939	-1.04768	surprise	anger	— Wytłumacz to wyborcom!
-0.245765	-1.46637	-0.0842468	-0.917635	surprise	trust	— Bądź pani spokojna — rzecze Don Kichot — nie powiem nic już więcej i nie wmieszam się do niczego, dopóki nie dopełnię swojej obietnicy.
-0.522548	-1.41792	-0.220262	-1.08374	surprise	joy	— Niech żyje Carlini!
-0.237551	-1.66405	-0.17025	-1.24118	surprise	surprise	— Co znaczy za kim?
-0.245723	-1.62575	-0.163949	-1.29324	surprise	disgust	Hoyma oburzała i treść jéj słów, a nadewszystko zimna krew, obojętność z jaką je wymawiała.
-0.270523	-1.28098	-0.152167	-1.20308	surprise	surprise	A o ilu ja rzeczach nie myślałem przed chwilą i o ilu nie myślę?
-0.232389	-1.45281	-0.35759	-1.11425	surprise	sadness	Zdało mi się, że nie mam co robić między nimi, biedny prostak, i już nawet nie patrząc na nich, chcę ich minąć i iść dalej w las, kiedy słyszę, jak jeden z nich woła:
-0.304103	-1.32575	-0.280112	-1.18721	surprise	neutral	Przede wszystkim zrobiłem sobie stożkowate nakrycie głowy z długowłosej skóry lamy, nie przepuszczającej deszczu.
-0.488595	-1.47375	-0.177657	-1.25267	surprise	neutral	Gospoda na gościńcu pod lasem stała w miejscu kędy przejazd był znaczny do Poznania.
-0.370721	-1.45205	-0.178094	-1.24656	surprise	disgust	Brwi zrośnięte nad nosem oszpeconym ospą.
-0.279432	-1.41205	-0.125051	-1.29487	surprise	joy	Komendant roześmiał się.
-0.526704	-1.39403	-0.330904	-1.04868	surprise	neutral	— spytał.
-0.445394	-1.50123	-0.0456865	-1.11419	surprise	surprise	Nagle wśród chwilowej ciszy zza drzwi gabinetu doleciał podniesiony głos Dyzmy:
-0.299878	-1.20702	-0.324923	-0.919547	surprise	trust	Dyzma przyznał pułkownikowi rację.
-0.187785	-1.50281	-0.193432	-1.56407	disgust	surprise	Przy samej bramie Agnieszka spostrzegła, że zostawiła u doktora koszyczek od roboty.
-0.480307	-1.37556	-0.209483	-1.17504	surprise	neutral	Szczur zarzucił lejce na grzbiet konia, związał je i ujął szkapę przy pysku.
-0.284962	-1.5472	-0.0792298	-1.10455	surprise	sadness	— Straciłem tam syna...
-0.640148	-1.28828	-0.271539	-1.14716	surprise	joy	Rad był z wyjazdu Kmicica.
-0.519956	-1.68487	-0.0724831	-1.15	surprise	neutral	Takich generałów miała Austria bardzo wielu.
-0.328162	-1.53135	-0.328825	-1.15664	surprise	anger	Mów!
-0.155245	-1.4041	-0.152197	-1.1428	surprise	surprise	— Nie skarżę się na was, broń Boże!
-0.466637	-1.35576	-0.2366	-1.09902	surprise	surprise	Dla niego było to coś niepojętego, co go więcej dziwiło niż nęciło — studyum teratologiczne.
-0.265096	-1.3623	-0.0958906	-1.06882	surprise	joy	Ho, ho, idźże do Poświcia, i szczęść ci, Boże!
-0.201412	-1.44898	-0.087448	-1.26576	surprise	neutral	„ Kopernik ”.
-0.240198	-1.22238	-0.0324034	-1.08813	surprise	neutral	— myślał Winicjusz.
-0.290748	-1.45559	-0.189365	-0.940058	surprise	surprise	Instynktowi życia samego już nieufny?
-0.410497	-1.45834	0.0553536	-1.29541	surprise	joy	Pomimo całej biedy, jaka nawiedziła dżunglę, zwierzęta — nie wyłączając Hathiego — nie mogły powstrzymać się od rzęsistego śmiechu, posłyszawszy te słowa.
-0.451432	-1.30965	0.0327924	-1.17018	surprise	surprise	— Za co mieliby nas upominać?
-0.283204	-1.52815	-0.323392	-1.10521	surprise	neutral	Na nogach ciżemki żółte.
-0.234296	-1.26889	-0.331708	-1.20426	surprise	anger	— Ty głupi jesteś!
-0.314556	-1.20468	-0.26559	-1.12892	surprise	neutral	—
-0.392908	-1.5143	-0.120769	-1.26653	surprise	neutral	Własne to twoje oblicze na chropowatym i niedoskonałym zwierciadle.
-0.350563	-1.45826	-0.241193	-1.06272	surprise	neutral	﻿Pewnej nocy, patrolując po mieście, schwytałem młodą panienkę nadzwyczaj piękną, przebraną za chłopca i jej brata, przebranego za dziewczynę.
MCosD: 0.981435444353168
MAE: 2.060066341644322
RMSE: 2.117191381759671
PREC: 0.17884130982367757
RECALL: 0.17884130982367757
FSCORE: 0.17884130982367757
ACC: 0.17884130982367757
